ARM GAS  C:\Users\81506\AppData\Local\Temp\ccwpvkma.s 			page 1


   1              		.cpu cortex-m4
   2              		.arch armv7e-m
   3              		.fpu fpv4-sp-d16
   4              		.eabi_attribute 27, 1
   5              		.eabi_attribute 28, 1
   6              		.eabi_attribute 20, 1
   7              		.eabi_attribute 21, 1
   8              		.eabi_attribute 23, 3
   9              		.eabi_attribute 24, 1
  10              		.eabi_attribute 25, 1
  11              		.eabi_attribute 26, 1
  12              		.eabi_attribute 30, 1
  13              		.eabi_attribute 34, 1
  14              		.eabi_attribute 18, 4
  15              		.file	"main.c"
  16              		.text
  17              	.Ltext0:
  18              		.cfi_sections	.debug_frame
  19              		.file 1 "Core/Src/main.c"
  20              		.section	.text.HAL_TIM_PeriodElapsedCallback,"ax",%progbits
  21              		.align	1
  22              		.global	HAL_TIM_PeriodElapsedCallback
  23              		.syntax unified
  24              		.thumb
  25              		.thumb_func
  27              	HAL_TIM_PeriodElapsedCallback:
  28              	.LVL0:
  29              	.LFB139:
   1:Core/Src/main.c **** /* USER CODE BEGIN Header */
   2:Core/Src/main.c **** /**
   3:Core/Src/main.c ****  ******************************************************************************
   4:Core/Src/main.c ****  * @file           : main.c
   5:Core/Src/main.c ****  * @brief          : Main program body
   6:Core/Src/main.c ****  ******************************************************************************
   7:Core/Src/main.c ****  * @attention
   8:Core/Src/main.c ****  *
   9:Core/Src/main.c ****  * Copyright (c) 2025 STMicroelectronics.
  10:Core/Src/main.c ****  * All rights reserved.
  11:Core/Src/main.c ****  *
  12:Core/Src/main.c ****  * This software is licensed under terms that can be found in the LICENSE file
  13:Core/Src/main.c ****  * in the root directory of this software component.
  14:Core/Src/main.c ****  * If no LICENSE file comes with this software, it is provided AS-IS.
  15:Core/Src/main.c ****  *
  16:Core/Src/main.c ****  ******************************************************************************
  17:Core/Src/main.c ****  */
  18:Core/Src/main.c **** /* USER CODE END Header */
  19:Core/Src/main.c **** /* Includes ------------------------------------------------------------------*/
  20:Core/Src/main.c **** #include "main.h"
  21:Core/Src/main.c **** #include "can.h"
  22:Core/Src/main.c **** #include "tim.h"
  23:Core/Src/main.c **** #include "usart.h"
  24:Core/Src/main.c **** #include "gpio.h"
  25:Core/Src/main.c **** 
  26:Core/Src/main.c **** /* Private includes ----------------------------------------------------------*/
  27:Core/Src/main.c **** /* USER CODE BEGIN Includes */
  28:Core/Src/main.c **** #include <string.h>
  29:Core/Src/main.c **** #include "ZDT_X42_V2.h"
ARM GAS  C:\Users\81506\AppData\Local\Temp\ccwpvkma.s 			page 2


  30:Core/Src/main.c **** #include "HT_DM_S_7010.h"
  31:Core/Src/main.c **** #include "XYR_Control.h"
  32:Core/Src/main.c **** 
  33:Core/Src/main.c **** /* USER CODE END Includes */
  34:Core/Src/main.c **** 
  35:Core/Src/main.c **** /* Private typedef -----------------------------------------------------------*/
  36:Core/Src/main.c **** /* USER CODE BEGIN PTD */
  37:Core/Src/main.c **** 
  38:Core/Src/main.c **** /* USER CODE END PTD */
  39:Core/Src/main.c **** 
  40:Core/Src/main.c **** /* Private define ------------------------------------------------------------*/
  41:Core/Src/main.c **** /* USER CODE BEGIN PD */
  42:Core/Src/main.c **** 
  43:Core/Src/main.c **** /* USER CODE END PD */
  44:Core/Src/main.c **** 
  45:Core/Src/main.c **** /* Private macro -------------------------------------------------------------*/
  46:Core/Src/main.c **** /* USER CODE BEGIN PM */
  47:Core/Src/main.c **** 
  48:Core/Src/main.c **** /* USER CODE END PM */
  49:Core/Src/main.c **** 
  50:Core/Src/main.c **** /* Private variables ---------------------------------------------------------*/
  51:Core/Src/main.c **** 
  52:Core/Src/main.c **** /* USER CODE BEGIN PV */
  53:Core/Src/main.c **** 
  54:Core/Src/main.c **** /* USER CODE END PV */
  55:Core/Src/main.c **** 
  56:Core/Src/main.c **** /* Private function prototypes -----------------------------------------------*/
  57:Core/Src/main.c **** void SystemClock_Config(void);
  58:Core/Src/main.c **** /* USER CODE BEGIN PFP */
  59:Core/Src/main.c **** 
  60:Core/Src/main.c **** /* USER CODE END PFP */
  61:Core/Src/main.c **** 
  62:Core/Src/main.c **** /* Private user code ---------------------------------------------------------*/
  63:Core/Src/main.c **** /* USER CODE BEGIN 0 */
  64:Core/Src/main.c **** float Tim4Send_freq = 0.f;
  65:Core/Src/main.c **** static volatile int usartTest = 0;
  66:Core/Src/main.c **** 
  67:Core/Src/main.c **** /* USER CODE END 0 */
  68:Core/Src/main.c **** 
  69:Core/Src/main.c **** /**
  70:Core/Src/main.c ****   * @brief  The application entry point.
  71:Core/Src/main.c ****   * @retval int
  72:Core/Src/main.c ****   */
  73:Core/Src/main.c **** int main(void)
  74:Core/Src/main.c **** {
  75:Core/Src/main.c **** 
  76:Core/Src/main.c ****   /* USER CODE BEGIN 1 */
  77:Core/Src/main.c **** 
  78:Core/Src/main.c ****   /* USER CODE END 1 */
  79:Core/Src/main.c **** 
  80:Core/Src/main.c ****   /* MCU Configuration--------------------------------------------------------*/
  81:Core/Src/main.c **** 
  82:Core/Src/main.c ****   /* Reset of all peripherals, Initializes the Flash interface and the Systick. */
  83:Core/Src/main.c ****   HAL_Init();
  84:Core/Src/main.c **** 
  85:Core/Src/main.c ****   /* USER CODE BEGIN Init */
  86:Core/Src/main.c **** 
ARM GAS  C:\Users\81506\AppData\Local\Temp\ccwpvkma.s 			page 3


  87:Core/Src/main.c ****   /* USER CODE END Init */
  88:Core/Src/main.c **** 
  89:Core/Src/main.c ****   /* Configure the system clock */
  90:Core/Src/main.c ****   SystemClock_Config();
  91:Core/Src/main.c **** 
  92:Core/Src/main.c ****   /* USER CODE BEGIN SysInit */
  93:Core/Src/main.c ****   TIM1_ClockInit_Cache();
  94:Core/Src/main.c ****   /* USER CODE END SysInit */
  95:Core/Src/main.c **** 
  96:Core/Src/main.c ****   /* Initialize all configured peripherals */
  97:Core/Src/main.c ****   MX_GPIO_Init();
  98:Core/Src/main.c ****   MX_CAN1_Init();
  99:Core/Src/main.c ****   MX_TIM1_Init();
 100:Core/Src/main.c ****   MX_CAN2_Init();
 101:Core/Src/main.c ****   MX_TIM4_Init();
 102:Core/Src/main.c ****   MX_USART1_UART_Init();
 103:Core/Src/main.c ****   /* USER CODE BEGIN 2 */
 104:Core/Src/main.c ****   USER_CAN1_Filter_Init();
 105:Core/Src/main.c ****   USER_CAN2_Filter_Init(); // 初始化CAN滤波器
 106:Core/Src/main.c ****   /* 不再在此处阻塞启动 CAN；改为后台重试策略，初始化重试时间戳，周期
 107:Core/Src/main.c ****   CAN_InitRetryTimers();
 108:Core/Src/main.c ****   XYR_Init(); // XYR位移台初始化
 109:Core/Src/main.c **** 
 110:Core/Src/main.c ****   HAL_TIM_Base_Start_IT(&htim4);
 111:Core/Src/main.c **** 
 112:Core/Src/main.c ****   HAL_Delay(2000);
 113:Core/Src/main.c **** 
 114:Core/Src/main.c ****   // double delays_us[4] = {1, 2.99, 3, 3.01}; /* 2us */
 115:Core/Src/main.c ****   // double widths_us[4] = {50.0, 25.0, 20.0, 35.0};
 116:Core/Src/main.c **** 
 117:Core/Src/main.c ****   //   uint8_t cmd1[32] = {0};
 118:Core/Src/main.c **** 
 119:Core/Src/main.c ****   // // 装载命令                 // 地址
 120:Core/Src/main.c ****   // cmd1[0]  =  0x01;
 121:Core/Src/main.c ****   // cmd1[1]  =  0xB1;                      // 功能码
 122:Core/Src/main.c ****   // // 发送命令
 123:Core/Src/main.c ****   // can2_SendCmd(cmd1, 2);
 124:Core/Src/main.c ****   // HAL_Delay(1000);
 125:Core/Src/main.c **** 
 126:Core/Src/main.c ****   // XYR_Collision_Home(0);
 127:Core/Src/main.c ****   //  XYR_ZDT_Fixed_Length_Move(2, 0, 100, 10);
 128:Core/Src/main.c ****   //  XYR_ZDT_Fixed_Length_Move(1, 0, 100, 10);
 129:Core/Src/main.c ****   //  XYR_ZDT_Fixed_Length_Move(2, 1, 100, 10);
 130:Core/Src/main.c ****   //  XYR_ZDT_Fixed_Length_Move(1, 1, 100, 10);
 131:Core/Src/main.c ****   //  XYR_HT_Fixed_Length_Move(1, 2000, 16384);
 132:Core/Src/main.c ****   //  XYR_HT_Fixed_Length_Move(0, 2000, 16384);
 133:Core/Src/main.c ****   //  XYR_HT_Fixed_Speed_Move(0, 3000);
 134:Core/Src/main.c **** 
 135:Core/Src/main.c ****   // HT_DM_S_7010_Relative_Position_Control(1, 16384);
 136:Core/Src/main.c **** 
 137:Core/Src/main.c ****   /* USER CODE END 2 */
 138:Core/Src/main.c **** 
 139:Core/Src/main.c ****   /* Infinite loop */
 140:Core/Src/main.c ****   /* USER CODE BEGIN WHILE */
 141:Core/Src/main.c **** 
 142:Core/Src/main.c ****   while (1)
 143:Core/Src/main.c ****   {
ARM GAS  C:\Users\81506\AppData\Local\Temp\ccwpvkma.s 			page 4


 144:Core/Src/main.c ****     /* USER CODE END WHILE */
 145:Core/Src/main.c **** 
 146:Core/Src/main.c ****     /* USER CODE BEGIN 3 */
 147:Core/Src/main.c **** 
 148:Core/Src/main.c ****     XYR_AutoScan_Update();
 149:Core/Src/main.c **** 
 150:Core/Src/main.c ****     XYR_Read_USB_Commend();
 151:Core/Src/main.c **** 
 152:Core/Src/main.c ****     if (USB_Send_Flag)
 153:Core/Src/main.c ****     {
 154:Core/Src/main.c ****       USB_Send_Flag = false;
 155:Core/Src/main.c ****       XYR_Send_USB_Commend();
 156:Core/Src/main.c ****     }
 157:Core/Src/main.c **** 
 158:Core/Src/main.c ****     XYR_MotorState_Update(1);
 159:Core/Src/main.c ****     XYR_MotorState_Update(2);
 160:Core/Src/main.c ****     XYR_MotorState_Update(3);
 161:Core/Src/main.c ****   }
 162:Core/Src/main.c ****   /* USER CODE END 3 */
 163:Core/Src/main.c **** }
 164:Core/Src/main.c **** 
 165:Core/Src/main.c **** /**
 166:Core/Src/main.c ****   * @brief System Clock Configuration
 167:Core/Src/main.c ****   * @retval None
 168:Core/Src/main.c ****   */
 169:Core/Src/main.c **** void SystemClock_Config(void)
 170:Core/Src/main.c **** {
 171:Core/Src/main.c ****   RCC_OscInitTypeDef RCC_OscInitStruct = {0};
 172:Core/Src/main.c ****   RCC_ClkInitTypeDef RCC_ClkInitStruct = {0};
 173:Core/Src/main.c **** 
 174:Core/Src/main.c ****   /** Configure the main internal regulator output voltage
 175:Core/Src/main.c ****   */
 176:Core/Src/main.c ****   __HAL_RCC_PWR_CLK_ENABLE();
 177:Core/Src/main.c ****   __HAL_PWR_VOLTAGESCALING_CONFIG(PWR_REGULATOR_VOLTAGE_SCALE1);
 178:Core/Src/main.c **** 
 179:Core/Src/main.c ****   /** Initializes the RCC Oscillators according to the specified parameters
 180:Core/Src/main.c ****   * in the RCC_OscInitTypeDef structure.
 181:Core/Src/main.c ****   */
 182:Core/Src/main.c ****   RCC_OscInitStruct.OscillatorType = RCC_OSCILLATORTYPE_HSE;
 183:Core/Src/main.c ****   RCC_OscInitStruct.HSEState = RCC_HSE_ON;
 184:Core/Src/main.c ****   RCC_OscInitStruct.PLL.PLLState = RCC_PLL_ON;
 185:Core/Src/main.c ****   RCC_OscInitStruct.PLL.PLLSource = RCC_PLLSOURCE_HSE;
 186:Core/Src/main.c ****   RCC_OscInitStruct.PLL.PLLM = 4;
 187:Core/Src/main.c ****   RCC_OscInitStruct.PLL.PLLN = 168;
 188:Core/Src/main.c ****   RCC_OscInitStruct.PLL.PLLP = RCC_PLLP_DIV2;
 189:Core/Src/main.c ****   RCC_OscInitStruct.PLL.PLLQ = 4;
 190:Core/Src/main.c ****   if (HAL_RCC_OscConfig(&RCC_OscInitStruct) != HAL_OK)
 191:Core/Src/main.c ****   {
 192:Core/Src/main.c ****     Error_Handler();
 193:Core/Src/main.c ****   }
 194:Core/Src/main.c **** 
 195:Core/Src/main.c ****   /** Initializes the CPU, AHB and APB buses clocks
 196:Core/Src/main.c ****   */
 197:Core/Src/main.c ****   RCC_ClkInitStruct.ClockType = RCC_CLOCKTYPE_HCLK|RCC_CLOCKTYPE_SYSCLK
 198:Core/Src/main.c ****                               |RCC_CLOCKTYPE_PCLK1|RCC_CLOCKTYPE_PCLK2;
 199:Core/Src/main.c ****   RCC_ClkInitStruct.SYSCLKSource = RCC_SYSCLKSOURCE_PLLCLK;
 200:Core/Src/main.c ****   RCC_ClkInitStruct.AHBCLKDivider = RCC_SYSCLK_DIV1;
ARM GAS  C:\Users\81506\AppData\Local\Temp\ccwpvkma.s 			page 5


 201:Core/Src/main.c ****   RCC_ClkInitStruct.APB1CLKDivider = RCC_HCLK_DIV4;
 202:Core/Src/main.c ****   RCC_ClkInitStruct.APB2CLKDivider = RCC_HCLK_DIV2;
 203:Core/Src/main.c **** 
 204:Core/Src/main.c ****   if (HAL_RCC_ClockConfig(&RCC_ClkInitStruct, FLASH_LATENCY_5) != HAL_OK)
 205:Core/Src/main.c ****   {
 206:Core/Src/main.c ****     Error_Handler();
 207:Core/Src/main.c ****   }
 208:Core/Src/main.c **** }
 209:Core/Src/main.c **** 
 210:Core/Src/main.c **** /* USER CODE BEGIN 4 */
 211:Core/Src/main.c **** void HAL_TIM_PeriodElapsedCallback(TIM_HandleTypeDef *htim)
 212:Core/Src/main.c **** {
  30              		.loc 1 212 1 view -0
  31              		.cfi_startproc
  32              		@ args = 0, pretend = 0, frame = 0
  33              		@ frame_needed = 0, uses_anonymous_args = 0
  34              		.loc 1 212 1 is_stmt 0 view .LVU1
  35 0000 08B5     		push	{r3, lr}
  36              	.LCFI0:
  37              		.cfi_def_cfa_offset 8
  38              		.cfi_offset 3, -8
  39              		.cfi_offset 14, -4
 213:Core/Src/main.c ****   if (htim->Instance == TIM4)
  40              		.loc 1 213 3 is_stmt 1 view .LVU2
  41              		.loc 1 213 11 is_stmt 0 view .LVU3
  42 0002 0268     		ldr	r2, [r0]
  43              		.loc 1 213 6 view .LVU4
  44 0004 0C4B     		ldr	r3, .L5
  45 0006 9A42     		cmp	r2, r3
  46 0008 00D0     		beq	.L4
  47              	.LVL1:
  48              	.L1:
 214:Core/Src/main.c ****   {
 215:Core/Src/main.c ****     static volatile uint32_t preTick_Tim4 = 0;
 216:Core/Src/main.c ****     Controller_Update_Callback();
 217:Core/Src/main.c ****     uint32_t currTick_Tim4 = HAL_GetTick();
 218:Core/Src/main.c ****     Tim4Send_freq = 1000.f / (currTick_Tim4 - preTick_Tim4);
 219:Core/Src/main.c ****     preTick_Tim4 = currTick_Tim4;
 220:Core/Src/main.c ****     /* 周期性尝试恢复/启动 CAN（非阻塞） */
 221:Core/Src/main.c ****     CAN_TryStartAll();
 222:Core/Src/main.c ****   }
 223:Core/Src/main.c **** }
  49              		.loc 1 223 1 view .LVU5
  50 000a 08BD     		pop	{r3, pc}
  51              	.LVL2:
  52              	.L4:
  53              	.LBB4:
 215:Core/Src/main.c ****     Controller_Update_Callback();
  54              		.loc 1 215 5 is_stmt 1 view .LVU6
 216:Core/Src/main.c ****     uint32_t currTick_Tim4 = HAL_GetTick();
  55              		.loc 1 216 5 view .LVU7
  56 000c FFF7FEFF 		bl	Controller_Update_Callback
  57              	.LVL3:
 217:Core/Src/main.c ****     Tim4Send_freq = 1000.f / (currTick_Tim4 - preTick_Tim4);
  58              		.loc 1 217 5 view .LVU8
 217:Core/Src/main.c ****     Tim4Send_freq = 1000.f / (currTick_Tim4 - preTick_Tim4);
  59              		.loc 1 217 30 is_stmt 0 view .LVU9
ARM GAS  C:\Users\81506\AppData\Local\Temp\ccwpvkma.s 			page 6


  60 0010 FFF7FEFF 		bl	HAL_GetTick
  61              	.LVL4:
 218:Core/Src/main.c ****     preTick_Tim4 = currTick_Tim4;
  62              		.loc 1 218 5 is_stmt 1 view .LVU10
 218:Core/Src/main.c ****     preTick_Tim4 = currTick_Tim4;
  63              		.loc 1 218 45 is_stmt 0 view .LVU11
  64 0014 094A     		ldr	r2, .L5+4
  65 0016 1368     		ldr	r3, [r2]
  66 0018 C31A     		subs	r3, r0, r3
 218:Core/Src/main.c ****     preTick_Tim4 = currTick_Tim4;
  67              		.loc 1 218 28 view .LVU12
  68 001a 07EE903A 		vmov	s15, r3	@ int
  69 001e F8EE677A 		vcvt.f32.u32	s15, s15
  70 0022 DFED076A 		vldr.32	s13, .L5+8
  71 0026 86EEA77A 		vdiv.f32	s14, s13, s15
 218:Core/Src/main.c ****     preTick_Tim4 = currTick_Tim4;
  72              		.loc 1 218 19 view .LVU13
  73 002a 064B     		ldr	r3, .L5+12
  74 002c 83ED007A 		vstr.32	s14, [r3]
 219:Core/Src/main.c ****     /* 周期性尝试恢复/启动 CAN（非阻塞） */
  75              		.loc 1 219 5 is_stmt 1 view .LVU14
 219:Core/Src/main.c ****     /* 周期性尝试恢复/启动 CAN（非阻塞） */
  76              		.loc 1 219 18 is_stmt 0 view .LVU15
  77 0030 1060     		str	r0, [r2]
 221:Core/Src/main.c ****   }
  78              		.loc 1 221 5 is_stmt 1 view .LVU16
  79 0032 FFF7FEFF 		bl	CAN_TryStartAll
  80              	.LVL5:
 221:Core/Src/main.c ****   }
  81              		.loc 1 221 5 is_stmt 0 view .LVU17
  82              	.LBE4:
  83              		.loc 1 223 1 view .LVU18
  84 0036 E8E7     		b	.L1
  85              	.L6:
  86              		.align	2
  87              	.L5:
  88 0038 00080040 		.word	1073743872
  89 003c 00000000 		.word	preTick_Tim4.0
  90 0040 00007A44 		.word	1148846080
  91 0044 00000000 		.word	Tim4Send_freq
  92              		.cfi_endproc
  93              	.LFE139:
  95              		.section	.text.HAL_UART_RxCpltCallback,"ax",%progbits
  96              		.align	1
  97              		.global	HAL_UART_RxCpltCallback
  98              		.syntax unified
  99              		.thumb
 100              		.thumb_func
 102              	HAL_UART_RxCpltCallback:
 103              	.LVL6:
 104              	.LFB140:
 224:Core/Src/main.c **** 
 225:Core/Src/main.c **** void HAL_UART_RxCpltCallback(UART_HandleTypeDef *huart)
 226:Core/Src/main.c **** {
 105              		.loc 1 226 1 is_stmt 1 view -0
 106              		.cfi_startproc
 107              		@ args = 0, pretend = 0, frame = 0
ARM GAS  C:\Users\81506\AppData\Local\Temp\ccwpvkma.s 			page 7


 108              		@ frame_needed = 0, uses_anonymous_args = 0
 109              		.loc 1 226 1 is_stmt 0 view .LVU20
 110 0000 08B5     		push	{r3, lr}
 111              	.LCFI1:
 112              		.cfi_def_cfa_offset 8
 113              		.cfi_offset 3, -8
 114              		.cfi_offset 14, -4
 227:Core/Src/main.c ****   if (huart->Instance == USART1)
 115              		.loc 1 227 3 is_stmt 1 view .LVU21
 116              		.loc 1 227 12 is_stmt 0 view .LVU22
 117 0002 0268     		ldr	r2, [r0]
 118              		.loc 1 227 6 view .LVU23
 119 0004 094B     		ldr	r3, .L11
 120 0006 9A42     		cmp	r2, r3
 121 0008 00D0     		beq	.L10
 122              	.LVL7:
 123              	.L7:
 228:Core/Src/main.c ****   {
 229:Core/Src/main.c ****     xyr_request = rx_buffer[0]; // 命令头是第一个字节
 230:Core/Src/main.c **** 
 231:Core/Src/main.c ****     memcpy(process_buffer, rx_buffer, 5);
 232:Core/Src/main.c **** 
 233:Core/Src/main.c ****     memset(rx_buffer, 0, 5);
 234:Core/Src/main.c **** 
 235:Core/Src/main.c ****     HAL_UART_Receive_IT(huart, rx_buffer, 5);
 236:Core/Src/main.c ****   }
 237:Core/Src/main.c **** }
 124              		.loc 1 237 1 view .LVU24
 125 000a 08BD     		pop	{r3, pc}
 126              	.LVL8:
 127              	.L10:
 229:Core/Src/main.c **** 
 128              		.loc 1 229 5 is_stmt 1 view .LVU25
 229:Core/Src/main.c **** 
 129              		.loc 1 229 28 is_stmt 0 view .LVU26
 130 000c 0849     		ldr	r1, .L11+4
 131 000e 0A78     		ldrb	r2, [r1]	@ zero_extendqisi2
 229:Core/Src/main.c **** 
 132              		.loc 1 229 17 view .LVU27
 133 0010 084B     		ldr	r3, .L11+8
 134 0012 1A70     		strb	r2, [r3]
 231:Core/Src/main.c **** 
 135              		.loc 1 231 5 is_stmt 1 view .LVU28
 136 0014 084B     		ldr	r3, .L11+12
 137 0016 0A68     		ldr	r2, [r1]	@ unaligned
 138 0018 1A60     		str	r2, [r3]	@ unaligned
 139 001a 0A79     		ldrb	r2, [r1, #4]	@ zero_extendqisi2
 140 001c 1A71     		strb	r2, [r3, #4]
 233:Core/Src/main.c **** 
 141              		.loc 1 233 5 view .LVU29
 142 001e 0023     		movs	r3, #0
 143 0020 0B60     		str	r3, [r1]	@ unaligned
 144 0022 0B71     		strb	r3, [r1, #4]
 235:Core/Src/main.c ****   }
 145              		.loc 1 235 5 view .LVU30
 146 0024 0522     		movs	r2, #5
 147 0026 FFF7FEFF 		bl	HAL_UART_Receive_IT
ARM GAS  C:\Users\81506\AppData\Local\Temp\ccwpvkma.s 			page 8


 148              	.LVL9:
 149              		.loc 1 237 1 is_stmt 0 view .LVU31
 150 002a EEE7     		b	.L7
 151              	.L12:
 152              		.align	2
 153              	.L11:
 154 002c 00100140 		.word	1073811456
 155 0030 00000000 		.word	rx_buffer
 156 0034 00000000 		.word	xyr_request
 157 0038 00000000 		.word	process_buffer
 158              		.cfi_endproc
 159              	.LFE140:
 161              		.section	.text.HAL_GPIO_EXTI_Callback,"ax",%progbits
 162              		.align	1
 163              		.global	HAL_GPIO_EXTI_Callback
 164              		.syntax unified
 165              		.thumb
 166              		.thumb_func
 168              	HAL_GPIO_EXTI_Callback:
 169              	.LVL10:
 170              	.LFB141:
 238:Core/Src/main.c **** 
 239:Core/Src/main.c **** void HAL_GPIO_EXTI_Callback(uint16_t GPIO_Pin)
 240:Core/Src/main.c **** {
 171              		.loc 1 240 1 is_stmt 1 view -0
 172              		.cfi_startproc
 173              		@ args = 0, pretend = 0, frame = 0
 174              		@ frame_needed = 0, uses_anonymous_args = 0
 175              		@ link register save eliminated.
 241:Core/Src/main.c ****   if (GPIO_Pin == GPIO_PIN_5)
 176              		.loc 1 241 3 view .LVU33
 177              		.loc 1 241 6 is_stmt 0 view .LVU34
 178 0000 2028     		cmp	r0, #32
 179 0002 00D0     		beq	.L15
 180              	.L13:
 242:Core/Src/main.c ****   {
 243:Core/Src/main.c ****     // 处理外部中断事件
 244:Core/Src/main.c ****     g_auto_scan.Pluse_Rev_flag = true;
 245:Core/Src/main.c ****   }
 246:Core/Src/main.c **** }
 181              		.loc 1 246 1 view .LVU35
 182 0004 7047     		bx	lr
 183              	.L15:
 244:Core/Src/main.c ****   }
 184              		.loc 1 244 5 is_stmt 1 view .LVU36
 244:Core/Src/main.c ****   }
 185              		.loc 1 244 32 is_stmt 0 view .LVU37
 186 0006 024B     		ldr	r3, .L16
 187 0008 0122     		movs	r2, #1
 188 000a 5A73     		strb	r2, [r3, #13]
 189              		.loc 1 246 1 view .LVU38
 190 000c FAE7     		b	.L13
 191              	.L17:
 192 000e 00BF     		.align	2
 193              	.L16:
 194 0010 00000000 		.word	g_auto_scan
 195              		.cfi_endproc
ARM GAS  C:\Users\81506\AppData\Local\Temp\ccwpvkma.s 			page 9


 196              	.LFE141:
 198              		.section	.text.Error_Handler,"ax",%progbits
 199              		.align	1
 200              		.global	Error_Handler
 201              		.syntax unified
 202              		.thumb
 203              		.thumb_func
 205              	Error_Handler:
 206              	.LFB142:
 247:Core/Src/main.c **** 
 248:Core/Src/main.c **** 
 249:Core/Src/main.c **** /* USER CODE END 4 */
 250:Core/Src/main.c **** 
 251:Core/Src/main.c **** /**
 252:Core/Src/main.c ****   * @brief  This function is executed in case of error occurrence.
 253:Core/Src/main.c ****   * @retval None
 254:Core/Src/main.c ****   */
 255:Core/Src/main.c **** void Error_Handler(void)
 256:Core/Src/main.c **** {
 207              		.loc 1 256 1 is_stmt 1 view -0
 208              		.cfi_startproc
 209              		@ Volatile: function does not return.
 210              		@ args = 0, pretend = 0, frame = 0
 211              		@ frame_needed = 0, uses_anonymous_args = 0
 212              		@ link register save eliminated.
 257:Core/Src/main.c ****   /* USER CODE BEGIN Error_Handler_Debug */
 258:Core/Src/main.c ****   /* User can add his own implementation to report the HAL error return state */
 259:Core/Src/main.c ****   __disable_irq();
 213              		.loc 1 259 3 view .LVU40
 214              	.LBB5:
 215              	.LBI5:
 216              		.file 2 "Drivers/CMSIS/Include/cmsis_gcc.h"
   1:Drivers/CMSIS/Include/cmsis_gcc.h **** /**************************************************************************//**
   2:Drivers/CMSIS/Include/cmsis_gcc.h ****  * @file     cmsis_gcc.h
   3:Drivers/CMSIS/Include/cmsis_gcc.h ****  * @brief    CMSIS compiler GCC header file
   4:Drivers/CMSIS/Include/cmsis_gcc.h ****  * @version  V5.4.1
   5:Drivers/CMSIS/Include/cmsis_gcc.h ****  * @date     27. May 2021
   6:Drivers/CMSIS/Include/cmsis_gcc.h ****  ******************************************************************************/
   7:Drivers/CMSIS/Include/cmsis_gcc.h **** /*
   8:Drivers/CMSIS/Include/cmsis_gcc.h ****  * Copyright (c) 2009-2021 Arm Limited. All rights reserved.
   9:Drivers/CMSIS/Include/cmsis_gcc.h ****  *
  10:Drivers/CMSIS/Include/cmsis_gcc.h ****  * SPDX-License-Identifier: Apache-2.0
  11:Drivers/CMSIS/Include/cmsis_gcc.h ****  *
  12:Drivers/CMSIS/Include/cmsis_gcc.h ****  * Licensed under the Apache License, Version 2.0 (the License); you may
  13:Drivers/CMSIS/Include/cmsis_gcc.h ****  * not use this file except in compliance with the License.
  14:Drivers/CMSIS/Include/cmsis_gcc.h ****  * You may obtain a copy of the License at
  15:Drivers/CMSIS/Include/cmsis_gcc.h ****  *
  16:Drivers/CMSIS/Include/cmsis_gcc.h ****  * www.apache.org/licenses/LICENSE-2.0
  17:Drivers/CMSIS/Include/cmsis_gcc.h ****  *
  18:Drivers/CMSIS/Include/cmsis_gcc.h ****  * Unless required by applicable law or agreed to in writing, software
  19:Drivers/CMSIS/Include/cmsis_gcc.h ****  * distributed under the License is distributed on an AS IS BASIS, WITHOUT
  20:Drivers/CMSIS/Include/cmsis_gcc.h ****  * WARRANTIES OR CONDITIONS OF ANY KIND, either express or implied.
  21:Drivers/CMSIS/Include/cmsis_gcc.h ****  * See the License for the specific language governing permissions and
  22:Drivers/CMSIS/Include/cmsis_gcc.h ****  * limitations under the License.
  23:Drivers/CMSIS/Include/cmsis_gcc.h ****  */
  24:Drivers/CMSIS/Include/cmsis_gcc.h **** 
  25:Drivers/CMSIS/Include/cmsis_gcc.h **** #ifndef __CMSIS_GCC_H
ARM GAS  C:\Users\81506\AppData\Local\Temp\ccwpvkma.s 			page 10


  26:Drivers/CMSIS/Include/cmsis_gcc.h **** #define __CMSIS_GCC_H
  27:Drivers/CMSIS/Include/cmsis_gcc.h **** 
  28:Drivers/CMSIS/Include/cmsis_gcc.h **** /* ignore some GCC warnings */
  29:Drivers/CMSIS/Include/cmsis_gcc.h **** #pragma GCC diagnostic push
  30:Drivers/CMSIS/Include/cmsis_gcc.h **** #pragma GCC diagnostic ignored "-Wsign-conversion"
  31:Drivers/CMSIS/Include/cmsis_gcc.h **** #pragma GCC diagnostic ignored "-Wconversion"
  32:Drivers/CMSIS/Include/cmsis_gcc.h **** #pragma GCC diagnostic ignored "-Wunused-parameter"
  33:Drivers/CMSIS/Include/cmsis_gcc.h **** 
  34:Drivers/CMSIS/Include/cmsis_gcc.h **** /* Fallback for __has_builtin */
  35:Drivers/CMSIS/Include/cmsis_gcc.h **** #ifndef __has_builtin
  36:Drivers/CMSIS/Include/cmsis_gcc.h ****   #define __has_builtin(x) (0)
  37:Drivers/CMSIS/Include/cmsis_gcc.h **** #endif
  38:Drivers/CMSIS/Include/cmsis_gcc.h **** 
  39:Drivers/CMSIS/Include/cmsis_gcc.h **** /* CMSIS compiler specific defines */
  40:Drivers/CMSIS/Include/cmsis_gcc.h **** #ifndef   __ASM
  41:Drivers/CMSIS/Include/cmsis_gcc.h ****   #define __ASM                                  __asm
  42:Drivers/CMSIS/Include/cmsis_gcc.h **** #endif
  43:Drivers/CMSIS/Include/cmsis_gcc.h **** #ifndef   __INLINE
  44:Drivers/CMSIS/Include/cmsis_gcc.h ****   #define __INLINE                               inline
  45:Drivers/CMSIS/Include/cmsis_gcc.h **** #endif
  46:Drivers/CMSIS/Include/cmsis_gcc.h **** #ifndef   __STATIC_INLINE
  47:Drivers/CMSIS/Include/cmsis_gcc.h ****   #define __STATIC_INLINE                        static inline
  48:Drivers/CMSIS/Include/cmsis_gcc.h **** #endif
  49:Drivers/CMSIS/Include/cmsis_gcc.h **** #ifndef   __STATIC_FORCEINLINE
  50:Drivers/CMSIS/Include/cmsis_gcc.h ****   #define __STATIC_FORCEINLINE                   __attribute__((always_inline)) static inline
  51:Drivers/CMSIS/Include/cmsis_gcc.h **** #endif
  52:Drivers/CMSIS/Include/cmsis_gcc.h **** #ifndef   __NO_RETURN
  53:Drivers/CMSIS/Include/cmsis_gcc.h ****   #define __NO_RETURN                            __attribute__((__noreturn__))
  54:Drivers/CMSIS/Include/cmsis_gcc.h **** #endif
  55:Drivers/CMSIS/Include/cmsis_gcc.h **** #ifndef   __USED
  56:Drivers/CMSIS/Include/cmsis_gcc.h ****   #define __USED                                 __attribute__((used))
  57:Drivers/CMSIS/Include/cmsis_gcc.h **** #endif
  58:Drivers/CMSIS/Include/cmsis_gcc.h **** #ifndef   __WEAK
  59:Drivers/CMSIS/Include/cmsis_gcc.h ****   #define __WEAK                                 __attribute__((weak))
  60:Drivers/CMSIS/Include/cmsis_gcc.h **** #endif
  61:Drivers/CMSIS/Include/cmsis_gcc.h **** #ifndef   __PACKED
  62:Drivers/CMSIS/Include/cmsis_gcc.h ****   #define __PACKED                               __attribute__((packed, aligned(1)))
  63:Drivers/CMSIS/Include/cmsis_gcc.h **** #endif
  64:Drivers/CMSIS/Include/cmsis_gcc.h **** #ifndef   __PACKED_STRUCT
  65:Drivers/CMSIS/Include/cmsis_gcc.h ****   #define __PACKED_STRUCT                        struct __attribute__((packed, aligned(1)))
  66:Drivers/CMSIS/Include/cmsis_gcc.h **** #endif
  67:Drivers/CMSIS/Include/cmsis_gcc.h **** #ifndef   __PACKED_UNION
  68:Drivers/CMSIS/Include/cmsis_gcc.h ****   #define __PACKED_UNION                         union __attribute__((packed, aligned(1)))
  69:Drivers/CMSIS/Include/cmsis_gcc.h **** #endif
  70:Drivers/CMSIS/Include/cmsis_gcc.h **** #ifndef   __UNALIGNED_UINT32        /* deprecated */
  71:Drivers/CMSIS/Include/cmsis_gcc.h ****   #pragma GCC diagnostic push
  72:Drivers/CMSIS/Include/cmsis_gcc.h ****   #pragma GCC diagnostic ignored "-Wpacked"
  73:Drivers/CMSIS/Include/cmsis_gcc.h ****   #pragma GCC diagnostic ignored "-Wattributes"
  74:Drivers/CMSIS/Include/cmsis_gcc.h ****   struct __attribute__((packed)) T_UINT32 { uint32_t v; };
  75:Drivers/CMSIS/Include/cmsis_gcc.h ****   #pragma GCC diagnostic pop
  76:Drivers/CMSIS/Include/cmsis_gcc.h ****   #define __UNALIGNED_UINT32(x)                  (((struct T_UINT32 *)(x))->v)
  77:Drivers/CMSIS/Include/cmsis_gcc.h **** #endif
  78:Drivers/CMSIS/Include/cmsis_gcc.h **** #ifndef   __UNALIGNED_UINT16_WRITE
  79:Drivers/CMSIS/Include/cmsis_gcc.h ****   #pragma GCC diagnostic push
  80:Drivers/CMSIS/Include/cmsis_gcc.h ****   #pragma GCC diagnostic ignored "-Wpacked"
  81:Drivers/CMSIS/Include/cmsis_gcc.h ****   #pragma GCC diagnostic ignored "-Wattributes"
  82:Drivers/CMSIS/Include/cmsis_gcc.h ****   __PACKED_STRUCT T_UINT16_WRITE { uint16_t v; };
ARM GAS  C:\Users\81506\AppData\Local\Temp\ccwpvkma.s 			page 11


  83:Drivers/CMSIS/Include/cmsis_gcc.h ****   #pragma GCC diagnostic pop
  84:Drivers/CMSIS/Include/cmsis_gcc.h ****   #define __UNALIGNED_UINT16_WRITE(addr, val)    (void)((((struct T_UINT16_WRITE *)(void *)(addr))-
  85:Drivers/CMSIS/Include/cmsis_gcc.h **** #endif
  86:Drivers/CMSIS/Include/cmsis_gcc.h **** #ifndef   __UNALIGNED_UINT16_READ
  87:Drivers/CMSIS/Include/cmsis_gcc.h ****   #pragma GCC diagnostic push
  88:Drivers/CMSIS/Include/cmsis_gcc.h ****   #pragma GCC diagnostic ignored "-Wpacked"
  89:Drivers/CMSIS/Include/cmsis_gcc.h ****   #pragma GCC diagnostic ignored "-Wattributes"
  90:Drivers/CMSIS/Include/cmsis_gcc.h ****   __PACKED_STRUCT T_UINT16_READ { uint16_t v; };
  91:Drivers/CMSIS/Include/cmsis_gcc.h ****   #pragma GCC diagnostic pop
  92:Drivers/CMSIS/Include/cmsis_gcc.h ****   #define __UNALIGNED_UINT16_READ(addr)          (((const struct T_UINT16_READ *)(const void *)(add
  93:Drivers/CMSIS/Include/cmsis_gcc.h **** #endif
  94:Drivers/CMSIS/Include/cmsis_gcc.h **** #ifndef   __UNALIGNED_UINT32_WRITE
  95:Drivers/CMSIS/Include/cmsis_gcc.h ****   #pragma GCC diagnostic push
  96:Drivers/CMSIS/Include/cmsis_gcc.h ****   #pragma GCC diagnostic ignored "-Wpacked"
  97:Drivers/CMSIS/Include/cmsis_gcc.h ****   #pragma GCC diagnostic ignored "-Wattributes"
  98:Drivers/CMSIS/Include/cmsis_gcc.h ****   __PACKED_STRUCT T_UINT32_WRITE { uint32_t v; };
  99:Drivers/CMSIS/Include/cmsis_gcc.h ****   #pragma GCC diagnostic pop
 100:Drivers/CMSIS/Include/cmsis_gcc.h ****   #define __UNALIGNED_UINT32_WRITE(addr, val)    (void)((((struct T_UINT32_WRITE *)(void *)(addr))-
 101:Drivers/CMSIS/Include/cmsis_gcc.h **** #endif
 102:Drivers/CMSIS/Include/cmsis_gcc.h **** #ifndef   __UNALIGNED_UINT32_READ
 103:Drivers/CMSIS/Include/cmsis_gcc.h ****   #pragma GCC diagnostic push
 104:Drivers/CMSIS/Include/cmsis_gcc.h ****   #pragma GCC diagnostic ignored "-Wpacked"
 105:Drivers/CMSIS/Include/cmsis_gcc.h ****   #pragma GCC diagnostic ignored "-Wattributes"
 106:Drivers/CMSIS/Include/cmsis_gcc.h ****   __PACKED_STRUCT T_UINT32_READ { uint32_t v; };
 107:Drivers/CMSIS/Include/cmsis_gcc.h ****   #pragma GCC diagnostic pop
 108:Drivers/CMSIS/Include/cmsis_gcc.h ****   #define __UNALIGNED_UINT32_READ(addr)          (((const struct T_UINT32_READ *)(const void *)(add
 109:Drivers/CMSIS/Include/cmsis_gcc.h **** #endif
 110:Drivers/CMSIS/Include/cmsis_gcc.h **** #ifndef   __ALIGNED
 111:Drivers/CMSIS/Include/cmsis_gcc.h ****   #define __ALIGNED(x)                           __attribute__((aligned(x)))
 112:Drivers/CMSIS/Include/cmsis_gcc.h **** #endif
 113:Drivers/CMSIS/Include/cmsis_gcc.h **** #ifndef   __RESTRICT
 114:Drivers/CMSIS/Include/cmsis_gcc.h ****   #define __RESTRICT                             __restrict
 115:Drivers/CMSIS/Include/cmsis_gcc.h **** #endif
 116:Drivers/CMSIS/Include/cmsis_gcc.h **** #ifndef   __COMPILER_BARRIER
 117:Drivers/CMSIS/Include/cmsis_gcc.h ****   #define __COMPILER_BARRIER()                   __ASM volatile("":::"memory")
 118:Drivers/CMSIS/Include/cmsis_gcc.h **** #endif
 119:Drivers/CMSIS/Include/cmsis_gcc.h **** 
 120:Drivers/CMSIS/Include/cmsis_gcc.h **** /* #########################  Startup and Lowlevel Init  ######################## */
 121:Drivers/CMSIS/Include/cmsis_gcc.h **** 
 122:Drivers/CMSIS/Include/cmsis_gcc.h **** #ifndef __PROGRAM_START
 123:Drivers/CMSIS/Include/cmsis_gcc.h **** 
 124:Drivers/CMSIS/Include/cmsis_gcc.h **** /**
 125:Drivers/CMSIS/Include/cmsis_gcc.h ****   \brief   Initializes data and bss sections
 126:Drivers/CMSIS/Include/cmsis_gcc.h ****   \details This default implementations initialized all data and additional bss
 127:Drivers/CMSIS/Include/cmsis_gcc.h ****            sections relying on .copy.table and .zero.table specified properly
 128:Drivers/CMSIS/Include/cmsis_gcc.h ****            in the used linker script.
 129:Drivers/CMSIS/Include/cmsis_gcc.h **** 
 130:Drivers/CMSIS/Include/cmsis_gcc.h ****  */
 131:Drivers/CMSIS/Include/cmsis_gcc.h **** __STATIC_FORCEINLINE __NO_RETURN void __cmsis_start(void)
 132:Drivers/CMSIS/Include/cmsis_gcc.h **** {
 133:Drivers/CMSIS/Include/cmsis_gcc.h ****   extern void _start(void) __NO_RETURN;
 134:Drivers/CMSIS/Include/cmsis_gcc.h **** 
 135:Drivers/CMSIS/Include/cmsis_gcc.h ****   typedef struct {
 136:Drivers/CMSIS/Include/cmsis_gcc.h ****     uint32_t const* src;
 137:Drivers/CMSIS/Include/cmsis_gcc.h ****     uint32_t* dest;
 138:Drivers/CMSIS/Include/cmsis_gcc.h ****     uint32_t  wlen;
 139:Drivers/CMSIS/Include/cmsis_gcc.h ****   } __copy_table_t;
ARM GAS  C:\Users\81506\AppData\Local\Temp\ccwpvkma.s 			page 12


 140:Drivers/CMSIS/Include/cmsis_gcc.h **** 
 141:Drivers/CMSIS/Include/cmsis_gcc.h ****   typedef struct {
 142:Drivers/CMSIS/Include/cmsis_gcc.h ****     uint32_t* dest;
 143:Drivers/CMSIS/Include/cmsis_gcc.h ****     uint32_t  wlen;
 144:Drivers/CMSIS/Include/cmsis_gcc.h ****   } __zero_table_t;
 145:Drivers/CMSIS/Include/cmsis_gcc.h **** 
 146:Drivers/CMSIS/Include/cmsis_gcc.h ****   extern const __copy_table_t __copy_table_start__;
 147:Drivers/CMSIS/Include/cmsis_gcc.h ****   extern const __copy_table_t __copy_table_end__;
 148:Drivers/CMSIS/Include/cmsis_gcc.h ****   extern const __zero_table_t __zero_table_start__;
 149:Drivers/CMSIS/Include/cmsis_gcc.h ****   extern const __zero_table_t __zero_table_end__;
 150:Drivers/CMSIS/Include/cmsis_gcc.h **** 
 151:Drivers/CMSIS/Include/cmsis_gcc.h ****   for (__copy_table_t const* pTable = &__copy_table_start__; pTable < &__copy_table_end__; ++pTable
 152:Drivers/CMSIS/Include/cmsis_gcc.h ****     for(uint32_t i=0u; i<pTable->wlen; ++i) {
 153:Drivers/CMSIS/Include/cmsis_gcc.h ****       pTable->dest[i] = pTable->src[i];
 154:Drivers/CMSIS/Include/cmsis_gcc.h ****     }
 155:Drivers/CMSIS/Include/cmsis_gcc.h ****   }
 156:Drivers/CMSIS/Include/cmsis_gcc.h **** 
 157:Drivers/CMSIS/Include/cmsis_gcc.h ****   for (__zero_table_t const* pTable = &__zero_table_start__; pTable < &__zero_table_end__; ++pTable
 158:Drivers/CMSIS/Include/cmsis_gcc.h ****     for(uint32_t i=0u; i<pTable->wlen; ++i) {
 159:Drivers/CMSIS/Include/cmsis_gcc.h ****       pTable->dest[i] = 0u;
 160:Drivers/CMSIS/Include/cmsis_gcc.h ****     }
 161:Drivers/CMSIS/Include/cmsis_gcc.h ****   }
 162:Drivers/CMSIS/Include/cmsis_gcc.h **** 
 163:Drivers/CMSIS/Include/cmsis_gcc.h ****   _start();
 164:Drivers/CMSIS/Include/cmsis_gcc.h **** }
 165:Drivers/CMSIS/Include/cmsis_gcc.h **** 
 166:Drivers/CMSIS/Include/cmsis_gcc.h **** #define __PROGRAM_START           __cmsis_start
 167:Drivers/CMSIS/Include/cmsis_gcc.h **** #endif
 168:Drivers/CMSIS/Include/cmsis_gcc.h **** 
 169:Drivers/CMSIS/Include/cmsis_gcc.h **** #ifndef __INITIAL_SP
 170:Drivers/CMSIS/Include/cmsis_gcc.h **** #define __INITIAL_SP              __StackTop
 171:Drivers/CMSIS/Include/cmsis_gcc.h **** #endif
 172:Drivers/CMSIS/Include/cmsis_gcc.h **** 
 173:Drivers/CMSIS/Include/cmsis_gcc.h **** #ifndef __STACK_LIMIT
 174:Drivers/CMSIS/Include/cmsis_gcc.h **** #define __STACK_LIMIT             __StackLimit
 175:Drivers/CMSIS/Include/cmsis_gcc.h **** #endif
 176:Drivers/CMSIS/Include/cmsis_gcc.h **** 
 177:Drivers/CMSIS/Include/cmsis_gcc.h **** #ifndef __VECTOR_TABLE
 178:Drivers/CMSIS/Include/cmsis_gcc.h **** #define __VECTOR_TABLE            __Vectors
 179:Drivers/CMSIS/Include/cmsis_gcc.h **** #endif
 180:Drivers/CMSIS/Include/cmsis_gcc.h **** 
 181:Drivers/CMSIS/Include/cmsis_gcc.h **** #ifndef __VECTOR_TABLE_ATTRIBUTE
 182:Drivers/CMSIS/Include/cmsis_gcc.h **** #define __VECTOR_TABLE_ATTRIBUTE  __attribute__((used, section(".vectors")))
 183:Drivers/CMSIS/Include/cmsis_gcc.h **** #endif
 184:Drivers/CMSIS/Include/cmsis_gcc.h **** 
 185:Drivers/CMSIS/Include/cmsis_gcc.h **** #if defined (__ARM_FEATURE_CMSE) && (__ARM_FEATURE_CMSE == 3U)
 186:Drivers/CMSIS/Include/cmsis_gcc.h **** #ifndef __STACK_SEAL
 187:Drivers/CMSIS/Include/cmsis_gcc.h **** #define __STACK_SEAL              __StackSeal
 188:Drivers/CMSIS/Include/cmsis_gcc.h **** #endif
 189:Drivers/CMSIS/Include/cmsis_gcc.h **** 
 190:Drivers/CMSIS/Include/cmsis_gcc.h **** #ifndef __TZ_STACK_SEAL_SIZE
 191:Drivers/CMSIS/Include/cmsis_gcc.h **** #define __TZ_STACK_SEAL_SIZE      8U
 192:Drivers/CMSIS/Include/cmsis_gcc.h **** #endif
 193:Drivers/CMSIS/Include/cmsis_gcc.h **** 
 194:Drivers/CMSIS/Include/cmsis_gcc.h **** #ifndef __TZ_STACK_SEAL_VALUE
 195:Drivers/CMSIS/Include/cmsis_gcc.h **** #define __TZ_STACK_SEAL_VALUE     0xFEF5EDA5FEF5EDA5ULL
 196:Drivers/CMSIS/Include/cmsis_gcc.h **** #endif
ARM GAS  C:\Users\81506\AppData\Local\Temp\ccwpvkma.s 			page 13


 197:Drivers/CMSIS/Include/cmsis_gcc.h **** 
 198:Drivers/CMSIS/Include/cmsis_gcc.h **** 
 199:Drivers/CMSIS/Include/cmsis_gcc.h **** __STATIC_FORCEINLINE void __TZ_set_STACKSEAL_S (uint32_t* stackTop) {
 200:Drivers/CMSIS/Include/cmsis_gcc.h ****   *((uint64_t *)stackTop) = __TZ_STACK_SEAL_VALUE;
 201:Drivers/CMSIS/Include/cmsis_gcc.h **** }
 202:Drivers/CMSIS/Include/cmsis_gcc.h **** #endif
 203:Drivers/CMSIS/Include/cmsis_gcc.h **** 
 204:Drivers/CMSIS/Include/cmsis_gcc.h **** 
 205:Drivers/CMSIS/Include/cmsis_gcc.h **** /* ##########################  Core Instruction Access  ######################### */
 206:Drivers/CMSIS/Include/cmsis_gcc.h **** /** \defgroup CMSIS_Core_InstructionInterface CMSIS Core Instruction Interface
 207:Drivers/CMSIS/Include/cmsis_gcc.h ****   Access to dedicated instructions
 208:Drivers/CMSIS/Include/cmsis_gcc.h ****   @{
 209:Drivers/CMSIS/Include/cmsis_gcc.h **** */
 210:Drivers/CMSIS/Include/cmsis_gcc.h **** 
 211:Drivers/CMSIS/Include/cmsis_gcc.h **** /* Define macros for porting to both thumb1 and thumb2.
 212:Drivers/CMSIS/Include/cmsis_gcc.h ****  * For thumb1, use low register (r0-r7), specified by constraint "l"
 213:Drivers/CMSIS/Include/cmsis_gcc.h ****  * Otherwise, use general registers, specified by constraint "r" */
 214:Drivers/CMSIS/Include/cmsis_gcc.h **** #if defined (__thumb__) && !defined (__thumb2__)
 215:Drivers/CMSIS/Include/cmsis_gcc.h **** #define __CMSIS_GCC_OUT_REG(r) "=l" (r)
 216:Drivers/CMSIS/Include/cmsis_gcc.h **** #define __CMSIS_GCC_RW_REG(r) "+l" (r)
 217:Drivers/CMSIS/Include/cmsis_gcc.h **** #define __CMSIS_GCC_USE_REG(r) "l" (r)
 218:Drivers/CMSIS/Include/cmsis_gcc.h **** #else
 219:Drivers/CMSIS/Include/cmsis_gcc.h **** #define __CMSIS_GCC_OUT_REG(r) "=r" (r)
 220:Drivers/CMSIS/Include/cmsis_gcc.h **** #define __CMSIS_GCC_RW_REG(r) "+r" (r)
 221:Drivers/CMSIS/Include/cmsis_gcc.h **** #define __CMSIS_GCC_USE_REG(r) "r" (r)
 222:Drivers/CMSIS/Include/cmsis_gcc.h **** #endif
 223:Drivers/CMSIS/Include/cmsis_gcc.h **** 
 224:Drivers/CMSIS/Include/cmsis_gcc.h **** /**
 225:Drivers/CMSIS/Include/cmsis_gcc.h ****   \brief   No Operation
 226:Drivers/CMSIS/Include/cmsis_gcc.h ****   \details No Operation does nothing. This instruction can be used for code alignment purposes.
 227:Drivers/CMSIS/Include/cmsis_gcc.h ****  */
 228:Drivers/CMSIS/Include/cmsis_gcc.h **** #define __NOP()                             __ASM volatile ("nop")
 229:Drivers/CMSIS/Include/cmsis_gcc.h **** 
 230:Drivers/CMSIS/Include/cmsis_gcc.h **** /**
 231:Drivers/CMSIS/Include/cmsis_gcc.h ****   \brief   Wait For Interrupt
 232:Drivers/CMSIS/Include/cmsis_gcc.h ****   \details Wait For Interrupt is a hint instruction that suspends execution until one of a number o
 233:Drivers/CMSIS/Include/cmsis_gcc.h ****  */
 234:Drivers/CMSIS/Include/cmsis_gcc.h **** #define __WFI()                             __ASM volatile ("wfi":::"memory")
 235:Drivers/CMSIS/Include/cmsis_gcc.h **** 
 236:Drivers/CMSIS/Include/cmsis_gcc.h **** 
 237:Drivers/CMSIS/Include/cmsis_gcc.h **** /**
 238:Drivers/CMSIS/Include/cmsis_gcc.h ****   \brief   Wait For Event
 239:Drivers/CMSIS/Include/cmsis_gcc.h ****   \details Wait For Event is a hint instruction that permits the processor to enter
 240:Drivers/CMSIS/Include/cmsis_gcc.h ****            a low-power state until one of a number of events occurs.
 241:Drivers/CMSIS/Include/cmsis_gcc.h ****  */
 242:Drivers/CMSIS/Include/cmsis_gcc.h **** #define __WFE()                             __ASM volatile ("wfe":::"memory")
 243:Drivers/CMSIS/Include/cmsis_gcc.h **** 
 244:Drivers/CMSIS/Include/cmsis_gcc.h **** 
 245:Drivers/CMSIS/Include/cmsis_gcc.h **** /**
 246:Drivers/CMSIS/Include/cmsis_gcc.h ****   \brief   Send Event
 247:Drivers/CMSIS/Include/cmsis_gcc.h ****   \details Send Event is a hint instruction. It causes an event to be signaled to the CPU.
 248:Drivers/CMSIS/Include/cmsis_gcc.h ****  */
 249:Drivers/CMSIS/Include/cmsis_gcc.h **** #define __SEV()                             __ASM volatile ("sev")
 250:Drivers/CMSIS/Include/cmsis_gcc.h **** 
 251:Drivers/CMSIS/Include/cmsis_gcc.h **** 
 252:Drivers/CMSIS/Include/cmsis_gcc.h **** /**
 253:Drivers/CMSIS/Include/cmsis_gcc.h ****   \brief   Instruction Synchronization Barrier
ARM GAS  C:\Users\81506\AppData\Local\Temp\ccwpvkma.s 			page 14


 254:Drivers/CMSIS/Include/cmsis_gcc.h ****   \details Instruction Synchronization Barrier flushes the pipeline in the processor,
 255:Drivers/CMSIS/Include/cmsis_gcc.h ****            so that all instructions following the ISB are fetched from cache or memory,
 256:Drivers/CMSIS/Include/cmsis_gcc.h ****            after the instruction has been completed.
 257:Drivers/CMSIS/Include/cmsis_gcc.h ****  */
 258:Drivers/CMSIS/Include/cmsis_gcc.h **** __STATIC_FORCEINLINE void __ISB(void)
 259:Drivers/CMSIS/Include/cmsis_gcc.h **** {
 260:Drivers/CMSIS/Include/cmsis_gcc.h ****   __ASM volatile ("isb 0xF":::"memory");
 261:Drivers/CMSIS/Include/cmsis_gcc.h **** }
 262:Drivers/CMSIS/Include/cmsis_gcc.h **** 
 263:Drivers/CMSIS/Include/cmsis_gcc.h **** 
 264:Drivers/CMSIS/Include/cmsis_gcc.h **** /**
 265:Drivers/CMSIS/Include/cmsis_gcc.h ****   \brief   Data Synchronization Barrier
 266:Drivers/CMSIS/Include/cmsis_gcc.h ****   \details Acts as a special kind of Data Memory Barrier.
 267:Drivers/CMSIS/Include/cmsis_gcc.h ****            It completes when all explicit memory accesses before this instruction complete.
 268:Drivers/CMSIS/Include/cmsis_gcc.h ****  */
 269:Drivers/CMSIS/Include/cmsis_gcc.h **** __STATIC_FORCEINLINE void __DSB(void)
 270:Drivers/CMSIS/Include/cmsis_gcc.h **** {
 271:Drivers/CMSIS/Include/cmsis_gcc.h ****   __ASM volatile ("dsb 0xF":::"memory");
 272:Drivers/CMSIS/Include/cmsis_gcc.h **** }
 273:Drivers/CMSIS/Include/cmsis_gcc.h **** 
 274:Drivers/CMSIS/Include/cmsis_gcc.h **** 
 275:Drivers/CMSIS/Include/cmsis_gcc.h **** /**
 276:Drivers/CMSIS/Include/cmsis_gcc.h ****   \brief   Data Memory Barrier
 277:Drivers/CMSIS/Include/cmsis_gcc.h ****   \details Ensures the apparent order of the explicit memory operations before
 278:Drivers/CMSIS/Include/cmsis_gcc.h ****            and after the instruction, without ensuring their completion.
 279:Drivers/CMSIS/Include/cmsis_gcc.h ****  */
 280:Drivers/CMSIS/Include/cmsis_gcc.h **** __STATIC_FORCEINLINE void __DMB(void)
 281:Drivers/CMSIS/Include/cmsis_gcc.h **** {
 282:Drivers/CMSIS/Include/cmsis_gcc.h ****   __ASM volatile ("dmb 0xF":::"memory");
 283:Drivers/CMSIS/Include/cmsis_gcc.h **** }
 284:Drivers/CMSIS/Include/cmsis_gcc.h **** 
 285:Drivers/CMSIS/Include/cmsis_gcc.h **** 
 286:Drivers/CMSIS/Include/cmsis_gcc.h **** /**
 287:Drivers/CMSIS/Include/cmsis_gcc.h ****   \brief   Reverse byte order (32 bit)
 288:Drivers/CMSIS/Include/cmsis_gcc.h ****   \details Reverses the byte order in unsigned integer value. For example, 0x12345678 becomes 0x785
 289:Drivers/CMSIS/Include/cmsis_gcc.h ****   \param [in]    value  Value to reverse
 290:Drivers/CMSIS/Include/cmsis_gcc.h ****   \return               Reversed value
 291:Drivers/CMSIS/Include/cmsis_gcc.h ****  */
 292:Drivers/CMSIS/Include/cmsis_gcc.h **** __STATIC_FORCEINLINE uint32_t __REV(uint32_t value)
 293:Drivers/CMSIS/Include/cmsis_gcc.h **** {
 294:Drivers/CMSIS/Include/cmsis_gcc.h **** #if (__GNUC__ > 4) || (__GNUC__ == 4 && __GNUC_MINOR__ >= 5)
 295:Drivers/CMSIS/Include/cmsis_gcc.h ****   return __builtin_bswap32(value);
 296:Drivers/CMSIS/Include/cmsis_gcc.h **** #else
 297:Drivers/CMSIS/Include/cmsis_gcc.h ****   uint32_t result;
 298:Drivers/CMSIS/Include/cmsis_gcc.h **** 
 299:Drivers/CMSIS/Include/cmsis_gcc.h ****   __ASM ("rev %0, %1" : __CMSIS_GCC_OUT_REG (result) : __CMSIS_GCC_USE_REG (value) );
 300:Drivers/CMSIS/Include/cmsis_gcc.h ****   return result;
 301:Drivers/CMSIS/Include/cmsis_gcc.h **** #endif
 302:Drivers/CMSIS/Include/cmsis_gcc.h **** }
 303:Drivers/CMSIS/Include/cmsis_gcc.h **** 
 304:Drivers/CMSIS/Include/cmsis_gcc.h **** 
 305:Drivers/CMSIS/Include/cmsis_gcc.h **** /**
 306:Drivers/CMSIS/Include/cmsis_gcc.h ****   \brief   Reverse byte order (16 bit)
 307:Drivers/CMSIS/Include/cmsis_gcc.h ****   \details Reverses the byte order within each halfword of a word. For example, 0x12345678 becomes 
 308:Drivers/CMSIS/Include/cmsis_gcc.h ****   \param [in]    value  Value to reverse
 309:Drivers/CMSIS/Include/cmsis_gcc.h ****   \return               Reversed value
 310:Drivers/CMSIS/Include/cmsis_gcc.h ****  */
ARM GAS  C:\Users\81506\AppData\Local\Temp\ccwpvkma.s 			page 15


 311:Drivers/CMSIS/Include/cmsis_gcc.h **** __STATIC_FORCEINLINE uint32_t __REV16(uint32_t value)
 312:Drivers/CMSIS/Include/cmsis_gcc.h **** {
 313:Drivers/CMSIS/Include/cmsis_gcc.h ****   uint32_t result;
 314:Drivers/CMSIS/Include/cmsis_gcc.h **** 
 315:Drivers/CMSIS/Include/cmsis_gcc.h ****   __ASM ("rev16 %0, %1" : __CMSIS_GCC_OUT_REG (result) : __CMSIS_GCC_USE_REG (value) );
 316:Drivers/CMSIS/Include/cmsis_gcc.h ****   return result;
 317:Drivers/CMSIS/Include/cmsis_gcc.h **** }
 318:Drivers/CMSIS/Include/cmsis_gcc.h **** 
 319:Drivers/CMSIS/Include/cmsis_gcc.h **** 
 320:Drivers/CMSIS/Include/cmsis_gcc.h **** /**
 321:Drivers/CMSIS/Include/cmsis_gcc.h ****   \brief   Reverse byte order (16 bit)
 322:Drivers/CMSIS/Include/cmsis_gcc.h ****   \details Reverses the byte order in a 16-bit value and returns the signed 16-bit result. For exam
 323:Drivers/CMSIS/Include/cmsis_gcc.h ****   \param [in]    value  Value to reverse
 324:Drivers/CMSIS/Include/cmsis_gcc.h ****   \return               Reversed value
 325:Drivers/CMSIS/Include/cmsis_gcc.h ****  */
 326:Drivers/CMSIS/Include/cmsis_gcc.h **** __STATIC_FORCEINLINE int16_t __REVSH(int16_t value)
 327:Drivers/CMSIS/Include/cmsis_gcc.h **** {
 328:Drivers/CMSIS/Include/cmsis_gcc.h **** #if (__GNUC__ > 4) || (__GNUC__ == 4 && __GNUC_MINOR__ >= 8)
 329:Drivers/CMSIS/Include/cmsis_gcc.h ****   return (int16_t)__builtin_bswap16(value);
 330:Drivers/CMSIS/Include/cmsis_gcc.h **** #else
 331:Drivers/CMSIS/Include/cmsis_gcc.h ****   int16_t result;
 332:Drivers/CMSIS/Include/cmsis_gcc.h **** 
 333:Drivers/CMSIS/Include/cmsis_gcc.h ****   __ASM ("revsh %0, %1" : __CMSIS_GCC_OUT_REG (result) : __CMSIS_GCC_USE_REG (value) );
 334:Drivers/CMSIS/Include/cmsis_gcc.h ****   return result;
 335:Drivers/CMSIS/Include/cmsis_gcc.h **** #endif
 336:Drivers/CMSIS/Include/cmsis_gcc.h **** }
 337:Drivers/CMSIS/Include/cmsis_gcc.h **** 
 338:Drivers/CMSIS/Include/cmsis_gcc.h **** 
 339:Drivers/CMSIS/Include/cmsis_gcc.h **** /**
 340:Drivers/CMSIS/Include/cmsis_gcc.h ****   \brief   Rotate Right in unsigned value (32 bit)
 341:Drivers/CMSIS/Include/cmsis_gcc.h ****   \details Rotate Right (immediate) provides the value of the contents of a register rotated by a v
 342:Drivers/CMSIS/Include/cmsis_gcc.h ****   \param [in]    op1  Value to rotate
 343:Drivers/CMSIS/Include/cmsis_gcc.h ****   \param [in]    op2  Number of Bits to rotate
 344:Drivers/CMSIS/Include/cmsis_gcc.h ****   \return               Rotated value
 345:Drivers/CMSIS/Include/cmsis_gcc.h ****  */
 346:Drivers/CMSIS/Include/cmsis_gcc.h **** __STATIC_FORCEINLINE uint32_t __ROR(uint32_t op1, uint32_t op2)
 347:Drivers/CMSIS/Include/cmsis_gcc.h **** {
 348:Drivers/CMSIS/Include/cmsis_gcc.h ****   op2 %= 32U;
 349:Drivers/CMSIS/Include/cmsis_gcc.h ****   if (op2 == 0U)
 350:Drivers/CMSIS/Include/cmsis_gcc.h ****   {
 351:Drivers/CMSIS/Include/cmsis_gcc.h ****     return op1;
 352:Drivers/CMSIS/Include/cmsis_gcc.h ****   }
 353:Drivers/CMSIS/Include/cmsis_gcc.h ****   return (op1 >> op2) | (op1 << (32U - op2));
 354:Drivers/CMSIS/Include/cmsis_gcc.h **** }
 355:Drivers/CMSIS/Include/cmsis_gcc.h **** 
 356:Drivers/CMSIS/Include/cmsis_gcc.h **** 
 357:Drivers/CMSIS/Include/cmsis_gcc.h **** /**
 358:Drivers/CMSIS/Include/cmsis_gcc.h ****   \brief   Breakpoint
 359:Drivers/CMSIS/Include/cmsis_gcc.h ****   \details Causes the processor to enter Debug state.
 360:Drivers/CMSIS/Include/cmsis_gcc.h ****            Debug tools can use this to investigate system state when the instruction at a particula
 361:Drivers/CMSIS/Include/cmsis_gcc.h ****   \param [in]    value  is ignored by the processor.
 362:Drivers/CMSIS/Include/cmsis_gcc.h ****                  If required, a debugger can use it to store additional information about the break
 363:Drivers/CMSIS/Include/cmsis_gcc.h ****  */
 364:Drivers/CMSIS/Include/cmsis_gcc.h **** #define __BKPT(value)                       __ASM volatile ("bkpt "#value)
 365:Drivers/CMSIS/Include/cmsis_gcc.h **** 
 366:Drivers/CMSIS/Include/cmsis_gcc.h **** 
 367:Drivers/CMSIS/Include/cmsis_gcc.h **** /**
ARM GAS  C:\Users\81506\AppData\Local\Temp\ccwpvkma.s 			page 16


 368:Drivers/CMSIS/Include/cmsis_gcc.h ****   \brief   Reverse bit order of value
 369:Drivers/CMSIS/Include/cmsis_gcc.h ****   \details Reverses the bit order of the given value.
 370:Drivers/CMSIS/Include/cmsis_gcc.h ****   \param [in]    value  Value to reverse
 371:Drivers/CMSIS/Include/cmsis_gcc.h ****   \return               Reversed value
 372:Drivers/CMSIS/Include/cmsis_gcc.h ****  */
 373:Drivers/CMSIS/Include/cmsis_gcc.h **** __STATIC_FORCEINLINE uint32_t __RBIT(uint32_t value)
 374:Drivers/CMSIS/Include/cmsis_gcc.h **** {
 375:Drivers/CMSIS/Include/cmsis_gcc.h ****   uint32_t result;
 376:Drivers/CMSIS/Include/cmsis_gcc.h **** 
 377:Drivers/CMSIS/Include/cmsis_gcc.h **** #if ((defined (__ARM_ARCH_7M__      ) && (__ARM_ARCH_7M__      == 1)) || \
 378:Drivers/CMSIS/Include/cmsis_gcc.h ****      (defined (__ARM_ARCH_7EM__     ) && (__ARM_ARCH_7EM__     == 1)) || \
 379:Drivers/CMSIS/Include/cmsis_gcc.h ****      (defined (__ARM_ARCH_8M_MAIN__ ) && (__ARM_ARCH_8M_MAIN__ == 1))    )
 380:Drivers/CMSIS/Include/cmsis_gcc.h ****    __ASM ("rbit %0, %1" : "=r" (result) : "r" (value) );
 381:Drivers/CMSIS/Include/cmsis_gcc.h **** #else
 382:Drivers/CMSIS/Include/cmsis_gcc.h ****   uint32_t s = (4U /*sizeof(v)*/ * 8U) - 1U; /* extra shift needed at end */
 383:Drivers/CMSIS/Include/cmsis_gcc.h **** 
 384:Drivers/CMSIS/Include/cmsis_gcc.h ****   result = value;                      /* r will be reversed bits of v; first get LSB of v */
 385:Drivers/CMSIS/Include/cmsis_gcc.h ****   for (value >>= 1U; value != 0U; value >>= 1U)
 386:Drivers/CMSIS/Include/cmsis_gcc.h ****   {
 387:Drivers/CMSIS/Include/cmsis_gcc.h ****     result <<= 1U;
 388:Drivers/CMSIS/Include/cmsis_gcc.h ****     result |= value & 1U;
 389:Drivers/CMSIS/Include/cmsis_gcc.h ****     s--;
 390:Drivers/CMSIS/Include/cmsis_gcc.h ****   }
 391:Drivers/CMSIS/Include/cmsis_gcc.h ****   result <<= s;                        /* shift when v's highest bits are zero */
 392:Drivers/CMSIS/Include/cmsis_gcc.h **** #endif
 393:Drivers/CMSIS/Include/cmsis_gcc.h ****   return result;
 394:Drivers/CMSIS/Include/cmsis_gcc.h **** }
 395:Drivers/CMSIS/Include/cmsis_gcc.h **** 
 396:Drivers/CMSIS/Include/cmsis_gcc.h **** 
 397:Drivers/CMSIS/Include/cmsis_gcc.h **** /**
 398:Drivers/CMSIS/Include/cmsis_gcc.h ****   \brief   Count leading zeros
 399:Drivers/CMSIS/Include/cmsis_gcc.h ****   \details Counts the number of leading zeros of a data value.
 400:Drivers/CMSIS/Include/cmsis_gcc.h ****   \param [in]  value  Value to count the leading zeros
 401:Drivers/CMSIS/Include/cmsis_gcc.h ****   \return             number of leading zeros in value
 402:Drivers/CMSIS/Include/cmsis_gcc.h ****  */
 403:Drivers/CMSIS/Include/cmsis_gcc.h **** __STATIC_FORCEINLINE uint8_t __CLZ(uint32_t value)
 404:Drivers/CMSIS/Include/cmsis_gcc.h **** {
 405:Drivers/CMSIS/Include/cmsis_gcc.h ****   /* Even though __builtin_clz produces a CLZ instruction on ARM, formally
 406:Drivers/CMSIS/Include/cmsis_gcc.h ****      __builtin_clz(0) is undefined behaviour, so handle this case specially.
 407:Drivers/CMSIS/Include/cmsis_gcc.h ****      This guarantees ARM-compatible results if happening to compile on a non-ARM
 408:Drivers/CMSIS/Include/cmsis_gcc.h ****      target, and ensures the compiler doesn't decide to activate any
 409:Drivers/CMSIS/Include/cmsis_gcc.h ****      optimisations using the logic "value was passed to __builtin_clz, so it
 410:Drivers/CMSIS/Include/cmsis_gcc.h ****      is non-zero".
 411:Drivers/CMSIS/Include/cmsis_gcc.h ****      ARM GCC 7.3 and possibly earlier will optimise this test away, leaving a
 412:Drivers/CMSIS/Include/cmsis_gcc.h ****      single CLZ instruction.
 413:Drivers/CMSIS/Include/cmsis_gcc.h ****    */
 414:Drivers/CMSIS/Include/cmsis_gcc.h ****   if (value == 0U)
 415:Drivers/CMSIS/Include/cmsis_gcc.h ****   {
 416:Drivers/CMSIS/Include/cmsis_gcc.h ****     return 32U;
 417:Drivers/CMSIS/Include/cmsis_gcc.h ****   }
 418:Drivers/CMSIS/Include/cmsis_gcc.h ****   return __builtin_clz(value);
 419:Drivers/CMSIS/Include/cmsis_gcc.h **** }
 420:Drivers/CMSIS/Include/cmsis_gcc.h **** 
 421:Drivers/CMSIS/Include/cmsis_gcc.h **** 
 422:Drivers/CMSIS/Include/cmsis_gcc.h **** #if ((defined (__ARM_ARCH_7M__      ) && (__ARM_ARCH_7M__      == 1)) || \
 423:Drivers/CMSIS/Include/cmsis_gcc.h ****      (defined (__ARM_ARCH_7EM__     ) && (__ARM_ARCH_7EM__     == 1)) || \
 424:Drivers/CMSIS/Include/cmsis_gcc.h ****      (defined (__ARM_ARCH_8M_MAIN__ ) && (__ARM_ARCH_8M_MAIN__ == 1)) || \
ARM GAS  C:\Users\81506\AppData\Local\Temp\ccwpvkma.s 			page 17


 425:Drivers/CMSIS/Include/cmsis_gcc.h ****      (defined (__ARM_ARCH_8M_BASE__ ) && (__ARM_ARCH_8M_BASE__ == 1))    )
 426:Drivers/CMSIS/Include/cmsis_gcc.h **** /**
 427:Drivers/CMSIS/Include/cmsis_gcc.h ****   \brief   LDR Exclusive (8 bit)
 428:Drivers/CMSIS/Include/cmsis_gcc.h ****   \details Executes a exclusive LDR instruction for 8 bit value.
 429:Drivers/CMSIS/Include/cmsis_gcc.h ****   \param [in]    ptr  Pointer to data
 430:Drivers/CMSIS/Include/cmsis_gcc.h ****   \return             value of type uint8_t at (*ptr)
 431:Drivers/CMSIS/Include/cmsis_gcc.h ****  */
 432:Drivers/CMSIS/Include/cmsis_gcc.h **** __STATIC_FORCEINLINE uint8_t __LDREXB(volatile uint8_t *addr)
 433:Drivers/CMSIS/Include/cmsis_gcc.h **** {
 434:Drivers/CMSIS/Include/cmsis_gcc.h ****     uint32_t result;
 435:Drivers/CMSIS/Include/cmsis_gcc.h **** 
 436:Drivers/CMSIS/Include/cmsis_gcc.h **** #if (__GNUC__ > 4) || (__GNUC__ == 4 && __GNUC_MINOR__ >= 8)
 437:Drivers/CMSIS/Include/cmsis_gcc.h ****    __ASM volatile ("ldrexb %0, %1" : "=r" (result) : "Q" (*addr) );
 438:Drivers/CMSIS/Include/cmsis_gcc.h **** #else
 439:Drivers/CMSIS/Include/cmsis_gcc.h ****     /* Prior to GCC 4.8, "Q" will be expanded to [rx, #0] which is not
 440:Drivers/CMSIS/Include/cmsis_gcc.h ****        accepted by assembler. So has to use following less efficient pattern.
 441:Drivers/CMSIS/Include/cmsis_gcc.h ****     */
 442:Drivers/CMSIS/Include/cmsis_gcc.h ****    __ASM volatile ("ldrexb %0, [%1]" : "=r" (result) : "r" (addr) : "memory" );
 443:Drivers/CMSIS/Include/cmsis_gcc.h **** #endif
 444:Drivers/CMSIS/Include/cmsis_gcc.h ****    return ((uint8_t) result);    /* Add explicit type cast here */
 445:Drivers/CMSIS/Include/cmsis_gcc.h **** }
 446:Drivers/CMSIS/Include/cmsis_gcc.h **** 
 447:Drivers/CMSIS/Include/cmsis_gcc.h **** 
 448:Drivers/CMSIS/Include/cmsis_gcc.h **** /**
 449:Drivers/CMSIS/Include/cmsis_gcc.h ****   \brief   LDR Exclusive (16 bit)
 450:Drivers/CMSIS/Include/cmsis_gcc.h ****   \details Executes a exclusive LDR instruction for 16 bit values.
 451:Drivers/CMSIS/Include/cmsis_gcc.h ****   \param [in]    ptr  Pointer to data
 452:Drivers/CMSIS/Include/cmsis_gcc.h ****   \return        value of type uint16_t at (*ptr)
 453:Drivers/CMSIS/Include/cmsis_gcc.h ****  */
 454:Drivers/CMSIS/Include/cmsis_gcc.h **** __STATIC_FORCEINLINE uint16_t __LDREXH(volatile uint16_t *addr)
 455:Drivers/CMSIS/Include/cmsis_gcc.h **** {
 456:Drivers/CMSIS/Include/cmsis_gcc.h ****     uint32_t result;
 457:Drivers/CMSIS/Include/cmsis_gcc.h **** 
 458:Drivers/CMSIS/Include/cmsis_gcc.h **** #if (__GNUC__ > 4) || (__GNUC__ == 4 && __GNUC_MINOR__ >= 8)
 459:Drivers/CMSIS/Include/cmsis_gcc.h ****    __ASM volatile ("ldrexh %0, %1" : "=r" (result) : "Q" (*addr) );
 460:Drivers/CMSIS/Include/cmsis_gcc.h **** #else
 461:Drivers/CMSIS/Include/cmsis_gcc.h ****     /* Prior to GCC 4.8, "Q" will be expanded to [rx, #0] which is not
 462:Drivers/CMSIS/Include/cmsis_gcc.h ****        accepted by assembler. So has to use following less efficient pattern.
 463:Drivers/CMSIS/Include/cmsis_gcc.h ****     */
 464:Drivers/CMSIS/Include/cmsis_gcc.h ****    __ASM volatile ("ldrexh %0, [%1]" : "=r" (result) : "r" (addr) : "memory" );
 465:Drivers/CMSIS/Include/cmsis_gcc.h **** #endif
 466:Drivers/CMSIS/Include/cmsis_gcc.h ****    return ((uint16_t) result);    /* Add explicit type cast here */
 467:Drivers/CMSIS/Include/cmsis_gcc.h **** }
 468:Drivers/CMSIS/Include/cmsis_gcc.h **** 
 469:Drivers/CMSIS/Include/cmsis_gcc.h **** 
 470:Drivers/CMSIS/Include/cmsis_gcc.h **** /**
 471:Drivers/CMSIS/Include/cmsis_gcc.h ****   \brief   LDR Exclusive (32 bit)
 472:Drivers/CMSIS/Include/cmsis_gcc.h ****   \details Executes a exclusive LDR instruction for 32 bit values.
 473:Drivers/CMSIS/Include/cmsis_gcc.h ****   \param [in]    ptr  Pointer to data
 474:Drivers/CMSIS/Include/cmsis_gcc.h ****   \return        value of type uint32_t at (*ptr)
 475:Drivers/CMSIS/Include/cmsis_gcc.h ****  */
 476:Drivers/CMSIS/Include/cmsis_gcc.h **** __STATIC_FORCEINLINE uint32_t __LDREXW(volatile uint32_t *addr)
 477:Drivers/CMSIS/Include/cmsis_gcc.h **** {
 478:Drivers/CMSIS/Include/cmsis_gcc.h ****     uint32_t result;
 479:Drivers/CMSIS/Include/cmsis_gcc.h **** 
 480:Drivers/CMSIS/Include/cmsis_gcc.h ****    __ASM volatile ("ldrex %0, %1" : "=r" (result) : "Q" (*addr) );
 481:Drivers/CMSIS/Include/cmsis_gcc.h ****    return(result);
ARM GAS  C:\Users\81506\AppData\Local\Temp\ccwpvkma.s 			page 18


 482:Drivers/CMSIS/Include/cmsis_gcc.h **** }
 483:Drivers/CMSIS/Include/cmsis_gcc.h **** 
 484:Drivers/CMSIS/Include/cmsis_gcc.h **** 
 485:Drivers/CMSIS/Include/cmsis_gcc.h **** /**
 486:Drivers/CMSIS/Include/cmsis_gcc.h ****   \brief   STR Exclusive (8 bit)
 487:Drivers/CMSIS/Include/cmsis_gcc.h ****   \details Executes a exclusive STR instruction for 8 bit values.
 488:Drivers/CMSIS/Include/cmsis_gcc.h ****   \param [in]  value  Value to store
 489:Drivers/CMSIS/Include/cmsis_gcc.h ****   \param [in]    ptr  Pointer to location
 490:Drivers/CMSIS/Include/cmsis_gcc.h ****   \return          0  Function succeeded
 491:Drivers/CMSIS/Include/cmsis_gcc.h ****   \return          1  Function failed
 492:Drivers/CMSIS/Include/cmsis_gcc.h ****  */
 493:Drivers/CMSIS/Include/cmsis_gcc.h **** __STATIC_FORCEINLINE uint32_t __STREXB(uint8_t value, volatile uint8_t *addr)
 494:Drivers/CMSIS/Include/cmsis_gcc.h **** {
 495:Drivers/CMSIS/Include/cmsis_gcc.h ****    uint32_t result;
 496:Drivers/CMSIS/Include/cmsis_gcc.h **** 
 497:Drivers/CMSIS/Include/cmsis_gcc.h ****    __ASM volatile ("strexb %0, %2, %1" : "=&r" (result), "=Q" (*addr) : "r" ((uint32_t)value) );
 498:Drivers/CMSIS/Include/cmsis_gcc.h ****    return(result);
 499:Drivers/CMSIS/Include/cmsis_gcc.h **** }
 500:Drivers/CMSIS/Include/cmsis_gcc.h **** 
 501:Drivers/CMSIS/Include/cmsis_gcc.h **** 
 502:Drivers/CMSIS/Include/cmsis_gcc.h **** /**
 503:Drivers/CMSIS/Include/cmsis_gcc.h ****   \brief   STR Exclusive (16 bit)
 504:Drivers/CMSIS/Include/cmsis_gcc.h ****   \details Executes a exclusive STR instruction for 16 bit values.
 505:Drivers/CMSIS/Include/cmsis_gcc.h ****   \param [in]  value  Value to store
 506:Drivers/CMSIS/Include/cmsis_gcc.h ****   \param [in]    ptr  Pointer to location
 507:Drivers/CMSIS/Include/cmsis_gcc.h ****   \return          0  Function succeeded
 508:Drivers/CMSIS/Include/cmsis_gcc.h ****   \return          1  Function failed
 509:Drivers/CMSIS/Include/cmsis_gcc.h ****  */
 510:Drivers/CMSIS/Include/cmsis_gcc.h **** __STATIC_FORCEINLINE uint32_t __STREXH(uint16_t value, volatile uint16_t *addr)
 511:Drivers/CMSIS/Include/cmsis_gcc.h **** {
 512:Drivers/CMSIS/Include/cmsis_gcc.h ****    uint32_t result;
 513:Drivers/CMSIS/Include/cmsis_gcc.h **** 
 514:Drivers/CMSIS/Include/cmsis_gcc.h ****    __ASM volatile ("strexh %0, %2, %1" : "=&r" (result), "=Q" (*addr) : "r" ((uint32_t)value) );
 515:Drivers/CMSIS/Include/cmsis_gcc.h ****    return(result);
 516:Drivers/CMSIS/Include/cmsis_gcc.h **** }
 517:Drivers/CMSIS/Include/cmsis_gcc.h **** 
 518:Drivers/CMSIS/Include/cmsis_gcc.h **** 
 519:Drivers/CMSIS/Include/cmsis_gcc.h **** /**
 520:Drivers/CMSIS/Include/cmsis_gcc.h ****   \brief   STR Exclusive (32 bit)
 521:Drivers/CMSIS/Include/cmsis_gcc.h ****   \details Executes a exclusive STR instruction for 32 bit values.
 522:Drivers/CMSIS/Include/cmsis_gcc.h ****   \param [in]  value  Value to store
 523:Drivers/CMSIS/Include/cmsis_gcc.h ****   \param [in]    ptr  Pointer to location
 524:Drivers/CMSIS/Include/cmsis_gcc.h ****   \return          0  Function succeeded
 525:Drivers/CMSIS/Include/cmsis_gcc.h ****   \return          1  Function failed
 526:Drivers/CMSIS/Include/cmsis_gcc.h ****  */
 527:Drivers/CMSIS/Include/cmsis_gcc.h **** __STATIC_FORCEINLINE uint32_t __STREXW(uint32_t value, volatile uint32_t *addr)
 528:Drivers/CMSIS/Include/cmsis_gcc.h **** {
 529:Drivers/CMSIS/Include/cmsis_gcc.h ****    uint32_t result;
 530:Drivers/CMSIS/Include/cmsis_gcc.h **** 
 531:Drivers/CMSIS/Include/cmsis_gcc.h ****    __ASM volatile ("strex %0, %2, %1" : "=&r" (result), "=Q" (*addr) : "r" (value) );
 532:Drivers/CMSIS/Include/cmsis_gcc.h ****    return(result);
 533:Drivers/CMSIS/Include/cmsis_gcc.h **** }
 534:Drivers/CMSIS/Include/cmsis_gcc.h **** 
 535:Drivers/CMSIS/Include/cmsis_gcc.h **** 
 536:Drivers/CMSIS/Include/cmsis_gcc.h **** /**
 537:Drivers/CMSIS/Include/cmsis_gcc.h ****   \brief   Remove the exclusive lock
 538:Drivers/CMSIS/Include/cmsis_gcc.h ****   \details Removes the exclusive lock which is created by LDREX.
ARM GAS  C:\Users\81506\AppData\Local\Temp\ccwpvkma.s 			page 19


 539:Drivers/CMSIS/Include/cmsis_gcc.h ****  */
 540:Drivers/CMSIS/Include/cmsis_gcc.h **** __STATIC_FORCEINLINE void __CLREX(void)
 541:Drivers/CMSIS/Include/cmsis_gcc.h **** {
 542:Drivers/CMSIS/Include/cmsis_gcc.h ****   __ASM volatile ("clrex" ::: "memory");
 543:Drivers/CMSIS/Include/cmsis_gcc.h **** }
 544:Drivers/CMSIS/Include/cmsis_gcc.h **** 
 545:Drivers/CMSIS/Include/cmsis_gcc.h **** #endif /* ((defined (__ARM_ARCH_7M__      ) && (__ARM_ARCH_7M__      == 1)) || \
 546:Drivers/CMSIS/Include/cmsis_gcc.h ****            (defined (__ARM_ARCH_7EM__     ) && (__ARM_ARCH_7EM__     == 1)) || \
 547:Drivers/CMSIS/Include/cmsis_gcc.h ****            (defined (__ARM_ARCH_8M_MAIN__ ) && (__ARM_ARCH_8M_MAIN__ == 1)) || \
 548:Drivers/CMSIS/Include/cmsis_gcc.h ****            (defined (__ARM_ARCH_8M_BASE__ ) && (__ARM_ARCH_8M_BASE__ == 1))    ) */
 549:Drivers/CMSIS/Include/cmsis_gcc.h **** 
 550:Drivers/CMSIS/Include/cmsis_gcc.h **** 
 551:Drivers/CMSIS/Include/cmsis_gcc.h **** #if ((defined (__ARM_ARCH_7M__      ) && (__ARM_ARCH_7M__      == 1)) || \
 552:Drivers/CMSIS/Include/cmsis_gcc.h ****      (defined (__ARM_ARCH_7EM__     ) && (__ARM_ARCH_7EM__     == 1)) || \
 553:Drivers/CMSIS/Include/cmsis_gcc.h ****      (defined (__ARM_ARCH_8M_MAIN__ ) && (__ARM_ARCH_8M_MAIN__ == 1))    )
 554:Drivers/CMSIS/Include/cmsis_gcc.h **** /**
 555:Drivers/CMSIS/Include/cmsis_gcc.h ****   \brief   Signed Saturate
 556:Drivers/CMSIS/Include/cmsis_gcc.h ****   \details Saturates a signed value.
 557:Drivers/CMSIS/Include/cmsis_gcc.h ****   \param [in]  ARG1  Value to be saturated
 558:Drivers/CMSIS/Include/cmsis_gcc.h ****   \param [in]  ARG2  Bit position to saturate to (1..32)
 559:Drivers/CMSIS/Include/cmsis_gcc.h ****   \return             Saturated value
 560:Drivers/CMSIS/Include/cmsis_gcc.h ****  */
 561:Drivers/CMSIS/Include/cmsis_gcc.h **** #define __SSAT(ARG1, ARG2) \
 562:Drivers/CMSIS/Include/cmsis_gcc.h **** __extension__ \
 563:Drivers/CMSIS/Include/cmsis_gcc.h **** ({                          \
 564:Drivers/CMSIS/Include/cmsis_gcc.h ****   int32_t __RES, __ARG1 = (ARG1); \
 565:Drivers/CMSIS/Include/cmsis_gcc.h ****   __ASM volatile ("ssat %0, %1, %2" : "=r" (__RES) :  "I" (ARG2), "r" (__ARG1) : "cc" ); \
 566:Drivers/CMSIS/Include/cmsis_gcc.h ****   __RES; \
 567:Drivers/CMSIS/Include/cmsis_gcc.h ****  })
 568:Drivers/CMSIS/Include/cmsis_gcc.h **** 
 569:Drivers/CMSIS/Include/cmsis_gcc.h **** 
 570:Drivers/CMSIS/Include/cmsis_gcc.h **** /**
 571:Drivers/CMSIS/Include/cmsis_gcc.h ****   \brief   Unsigned Saturate
 572:Drivers/CMSIS/Include/cmsis_gcc.h ****   \details Saturates an unsigned value.
 573:Drivers/CMSIS/Include/cmsis_gcc.h ****   \param [in]  ARG1  Value to be saturated
 574:Drivers/CMSIS/Include/cmsis_gcc.h ****   \param [in]  ARG2  Bit position to saturate to (0..31)
 575:Drivers/CMSIS/Include/cmsis_gcc.h ****   \return             Saturated value
 576:Drivers/CMSIS/Include/cmsis_gcc.h ****  */
 577:Drivers/CMSIS/Include/cmsis_gcc.h **** #define __USAT(ARG1, ARG2) \
 578:Drivers/CMSIS/Include/cmsis_gcc.h **** __extension__ \
 579:Drivers/CMSIS/Include/cmsis_gcc.h **** ({                          \
 580:Drivers/CMSIS/Include/cmsis_gcc.h ****   uint32_t __RES, __ARG1 = (ARG1); \
 581:Drivers/CMSIS/Include/cmsis_gcc.h ****   __ASM volatile ("usat %0, %1, %2" : "=r" (__RES) :  "I" (ARG2), "r" (__ARG1) : "cc" ); \
 582:Drivers/CMSIS/Include/cmsis_gcc.h ****   __RES; \
 583:Drivers/CMSIS/Include/cmsis_gcc.h ****  })
 584:Drivers/CMSIS/Include/cmsis_gcc.h **** 
 585:Drivers/CMSIS/Include/cmsis_gcc.h **** 
 586:Drivers/CMSIS/Include/cmsis_gcc.h **** /**
 587:Drivers/CMSIS/Include/cmsis_gcc.h ****   \brief   Rotate Right with Extend (32 bit)
 588:Drivers/CMSIS/Include/cmsis_gcc.h ****   \details Moves each bit of a bitstring right by one bit.
 589:Drivers/CMSIS/Include/cmsis_gcc.h ****            The carry input is shifted in at the left end of the bitstring.
 590:Drivers/CMSIS/Include/cmsis_gcc.h ****   \param [in]    value  Value to rotate
 591:Drivers/CMSIS/Include/cmsis_gcc.h ****   \return               Rotated value
 592:Drivers/CMSIS/Include/cmsis_gcc.h ****  */
 593:Drivers/CMSIS/Include/cmsis_gcc.h **** __STATIC_FORCEINLINE uint32_t __RRX(uint32_t value)
 594:Drivers/CMSIS/Include/cmsis_gcc.h **** {
 595:Drivers/CMSIS/Include/cmsis_gcc.h ****   uint32_t result;
ARM GAS  C:\Users\81506\AppData\Local\Temp\ccwpvkma.s 			page 20


 596:Drivers/CMSIS/Include/cmsis_gcc.h **** 
 597:Drivers/CMSIS/Include/cmsis_gcc.h ****   __ASM volatile ("rrx %0, %1" : __CMSIS_GCC_OUT_REG (result) : __CMSIS_GCC_USE_REG (value) );
 598:Drivers/CMSIS/Include/cmsis_gcc.h ****   return(result);
 599:Drivers/CMSIS/Include/cmsis_gcc.h **** }
 600:Drivers/CMSIS/Include/cmsis_gcc.h **** 
 601:Drivers/CMSIS/Include/cmsis_gcc.h **** 
 602:Drivers/CMSIS/Include/cmsis_gcc.h **** /**
 603:Drivers/CMSIS/Include/cmsis_gcc.h ****   \brief   LDRT Unprivileged (8 bit)
 604:Drivers/CMSIS/Include/cmsis_gcc.h ****   \details Executes a Unprivileged LDRT instruction for 8 bit value.
 605:Drivers/CMSIS/Include/cmsis_gcc.h ****   \param [in]    ptr  Pointer to data
 606:Drivers/CMSIS/Include/cmsis_gcc.h ****   \return             value of type uint8_t at (*ptr)
 607:Drivers/CMSIS/Include/cmsis_gcc.h ****  */
 608:Drivers/CMSIS/Include/cmsis_gcc.h **** __STATIC_FORCEINLINE uint8_t __LDRBT(volatile uint8_t *ptr)
 609:Drivers/CMSIS/Include/cmsis_gcc.h **** {
 610:Drivers/CMSIS/Include/cmsis_gcc.h ****     uint32_t result;
 611:Drivers/CMSIS/Include/cmsis_gcc.h **** 
 612:Drivers/CMSIS/Include/cmsis_gcc.h **** #if (__GNUC__ > 4) || (__GNUC__ == 4 && __GNUC_MINOR__ >= 8)
 613:Drivers/CMSIS/Include/cmsis_gcc.h ****    __ASM volatile ("ldrbt %0, %1" : "=r" (result) : "Q" (*ptr) );
 614:Drivers/CMSIS/Include/cmsis_gcc.h **** #else
 615:Drivers/CMSIS/Include/cmsis_gcc.h ****     /* Prior to GCC 4.8, "Q" will be expanded to [rx, #0] which is not
 616:Drivers/CMSIS/Include/cmsis_gcc.h ****        accepted by assembler. So has to use following less efficient pattern.
 617:Drivers/CMSIS/Include/cmsis_gcc.h ****     */
 618:Drivers/CMSIS/Include/cmsis_gcc.h ****    __ASM volatile ("ldrbt %0, [%1]" : "=r" (result) : "r" (ptr) : "memory" );
 619:Drivers/CMSIS/Include/cmsis_gcc.h **** #endif
 620:Drivers/CMSIS/Include/cmsis_gcc.h ****    return ((uint8_t) result);    /* Add explicit type cast here */
 621:Drivers/CMSIS/Include/cmsis_gcc.h **** }
 622:Drivers/CMSIS/Include/cmsis_gcc.h **** 
 623:Drivers/CMSIS/Include/cmsis_gcc.h **** 
 624:Drivers/CMSIS/Include/cmsis_gcc.h **** /**
 625:Drivers/CMSIS/Include/cmsis_gcc.h ****   \brief   LDRT Unprivileged (16 bit)
 626:Drivers/CMSIS/Include/cmsis_gcc.h ****   \details Executes a Unprivileged LDRT instruction for 16 bit values.
 627:Drivers/CMSIS/Include/cmsis_gcc.h ****   \param [in]    ptr  Pointer to data
 628:Drivers/CMSIS/Include/cmsis_gcc.h ****   \return        value of type uint16_t at (*ptr)
 629:Drivers/CMSIS/Include/cmsis_gcc.h ****  */
 630:Drivers/CMSIS/Include/cmsis_gcc.h **** __STATIC_FORCEINLINE uint16_t __LDRHT(volatile uint16_t *ptr)
 631:Drivers/CMSIS/Include/cmsis_gcc.h **** {
 632:Drivers/CMSIS/Include/cmsis_gcc.h ****     uint32_t result;
 633:Drivers/CMSIS/Include/cmsis_gcc.h **** 
 634:Drivers/CMSIS/Include/cmsis_gcc.h **** #if (__GNUC__ > 4) || (__GNUC__ == 4 && __GNUC_MINOR__ >= 8)
 635:Drivers/CMSIS/Include/cmsis_gcc.h ****    __ASM volatile ("ldrht %0, %1" : "=r" (result) : "Q" (*ptr) );
 636:Drivers/CMSIS/Include/cmsis_gcc.h **** #else
 637:Drivers/CMSIS/Include/cmsis_gcc.h ****     /* Prior to GCC 4.8, "Q" will be expanded to [rx, #0] which is not
 638:Drivers/CMSIS/Include/cmsis_gcc.h ****        accepted by assembler. So has to use following less efficient pattern.
 639:Drivers/CMSIS/Include/cmsis_gcc.h ****     */
 640:Drivers/CMSIS/Include/cmsis_gcc.h ****    __ASM volatile ("ldrht %0, [%1]" : "=r" (result) : "r" (ptr) : "memory" );
 641:Drivers/CMSIS/Include/cmsis_gcc.h **** #endif
 642:Drivers/CMSIS/Include/cmsis_gcc.h ****    return ((uint16_t) result);    /* Add explicit type cast here */
 643:Drivers/CMSIS/Include/cmsis_gcc.h **** }
 644:Drivers/CMSIS/Include/cmsis_gcc.h **** 
 645:Drivers/CMSIS/Include/cmsis_gcc.h **** 
 646:Drivers/CMSIS/Include/cmsis_gcc.h **** /**
 647:Drivers/CMSIS/Include/cmsis_gcc.h ****   \brief   LDRT Unprivileged (32 bit)
 648:Drivers/CMSIS/Include/cmsis_gcc.h ****   \details Executes a Unprivileged LDRT instruction for 32 bit values.
 649:Drivers/CMSIS/Include/cmsis_gcc.h ****   \param [in]    ptr  Pointer to data
 650:Drivers/CMSIS/Include/cmsis_gcc.h ****   \return        value of type uint32_t at (*ptr)
 651:Drivers/CMSIS/Include/cmsis_gcc.h ****  */
 652:Drivers/CMSIS/Include/cmsis_gcc.h **** __STATIC_FORCEINLINE uint32_t __LDRT(volatile uint32_t *ptr)
ARM GAS  C:\Users\81506\AppData\Local\Temp\ccwpvkma.s 			page 21


 653:Drivers/CMSIS/Include/cmsis_gcc.h **** {
 654:Drivers/CMSIS/Include/cmsis_gcc.h ****     uint32_t result;
 655:Drivers/CMSIS/Include/cmsis_gcc.h **** 
 656:Drivers/CMSIS/Include/cmsis_gcc.h ****    __ASM volatile ("ldrt %0, %1" : "=r" (result) : "Q" (*ptr) );
 657:Drivers/CMSIS/Include/cmsis_gcc.h ****    return(result);
 658:Drivers/CMSIS/Include/cmsis_gcc.h **** }
 659:Drivers/CMSIS/Include/cmsis_gcc.h **** 
 660:Drivers/CMSIS/Include/cmsis_gcc.h **** 
 661:Drivers/CMSIS/Include/cmsis_gcc.h **** /**
 662:Drivers/CMSIS/Include/cmsis_gcc.h ****   \brief   STRT Unprivileged (8 bit)
 663:Drivers/CMSIS/Include/cmsis_gcc.h ****   \details Executes a Unprivileged STRT instruction for 8 bit values.
 664:Drivers/CMSIS/Include/cmsis_gcc.h ****   \param [in]  value  Value to store
 665:Drivers/CMSIS/Include/cmsis_gcc.h ****   \param [in]    ptr  Pointer to location
 666:Drivers/CMSIS/Include/cmsis_gcc.h ****  */
 667:Drivers/CMSIS/Include/cmsis_gcc.h **** __STATIC_FORCEINLINE void __STRBT(uint8_t value, volatile uint8_t *ptr)
 668:Drivers/CMSIS/Include/cmsis_gcc.h **** {
 669:Drivers/CMSIS/Include/cmsis_gcc.h ****    __ASM volatile ("strbt %1, %0" : "=Q" (*ptr) : "r" ((uint32_t)value) );
 670:Drivers/CMSIS/Include/cmsis_gcc.h **** }
 671:Drivers/CMSIS/Include/cmsis_gcc.h **** 
 672:Drivers/CMSIS/Include/cmsis_gcc.h **** 
 673:Drivers/CMSIS/Include/cmsis_gcc.h **** /**
 674:Drivers/CMSIS/Include/cmsis_gcc.h ****   \brief   STRT Unprivileged (16 bit)
 675:Drivers/CMSIS/Include/cmsis_gcc.h ****   \details Executes a Unprivileged STRT instruction for 16 bit values.
 676:Drivers/CMSIS/Include/cmsis_gcc.h ****   \param [in]  value  Value to store
 677:Drivers/CMSIS/Include/cmsis_gcc.h ****   \param [in]    ptr  Pointer to location
 678:Drivers/CMSIS/Include/cmsis_gcc.h ****  */
 679:Drivers/CMSIS/Include/cmsis_gcc.h **** __STATIC_FORCEINLINE void __STRHT(uint16_t value, volatile uint16_t *ptr)
 680:Drivers/CMSIS/Include/cmsis_gcc.h **** {
 681:Drivers/CMSIS/Include/cmsis_gcc.h ****    __ASM volatile ("strht %1, %0" : "=Q" (*ptr) : "r" ((uint32_t)value) );
 682:Drivers/CMSIS/Include/cmsis_gcc.h **** }
 683:Drivers/CMSIS/Include/cmsis_gcc.h **** 
 684:Drivers/CMSIS/Include/cmsis_gcc.h **** 
 685:Drivers/CMSIS/Include/cmsis_gcc.h **** /**
 686:Drivers/CMSIS/Include/cmsis_gcc.h ****   \brief   STRT Unprivileged (32 bit)
 687:Drivers/CMSIS/Include/cmsis_gcc.h ****   \details Executes a Unprivileged STRT instruction for 32 bit values.
 688:Drivers/CMSIS/Include/cmsis_gcc.h ****   \param [in]  value  Value to store
 689:Drivers/CMSIS/Include/cmsis_gcc.h ****   \param [in]    ptr  Pointer to location
 690:Drivers/CMSIS/Include/cmsis_gcc.h ****  */
 691:Drivers/CMSIS/Include/cmsis_gcc.h **** __STATIC_FORCEINLINE void __STRT(uint32_t value, volatile uint32_t *ptr)
 692:Drivers/CMSIS/Include/cmsis_gcc.h **** {
 693:Drivers/CMSIS/Include/cmsis_gcc.h ****    __ASM volatile ("strt %1, %0" : "=Q" (*ptr) : "r" (value) );
 694:Drivers/CMSIS/Include/cmsis_gcc.h **** }
 695:Drivers/CMSIS/Include/cmsis_gcc.h **** 
 696:Drivers/CMSIS/Include/cmsis_gcc.h **** #else  /* ((defined (__ARM_ARCH_7M__      ) && (__ARM_ARCH_7M__      == 1)) || \
 697:Drivers/CMSIS/Include/cmsis_gcc.h ****            (defined (__ARM_ARCH_7EM__     ) && (__ARM_ARCH_7EM__     == 1)) || \
 698:Drivers/CMSIS/Include/cmsis_gcc.h ****            (defined (__ARM_ARCH_8M_MAIN__ ) && (__ARM_ARCH_8M_MAIN__ == 1))    ) */
 699:Drivers/CMSIS/Include/cmsis_gcc.h **** 
 700:Drivers/CMSIS/Include/cmsis_gcc.h **** /**
 701:Drivers/CMSIS/Include/cmsis_gcc.h ****   \brief   Signed Saturate
 702:Drivers/CMSIS/Include/cmsis_gcc.h ****   \details Saturates a signed value.
 703:Drivers/CMSIS/Include/cmsis_gcc.h ****   \param [in]  value  Value to be saturated
 704:Drivers/CMSIS/Include/cmsis_gcc.h ****   \param [in]    sat  Bit position to saturate to (1..32)
 705:Drivers/CMSIS/Include/cmsis_gcc.h ****   \return             Saturated value
 706:Drivers/CMSIS/Include/cmsis_gcc.h ****  */
 707:Drivers/CMSIS/Include/cmsis_gcc.h **** __STATIC_FORCEINLINE int32_t __SSAT(int32_t val, uint32_t sat)
 708:Drivers/CMSIS/Include/cmsis_gcc.h **** {
 709:Drivers/CMSIS/Include/cmsis_gcc.h ****   if ((sat >= 1U) && (sat <= 32U))
ARM GAS  C:\Users\81506\AppData\Local\Temp\ccwpvkma.s 			page 22


 710:Drivers/CMSIS/Include/cmsis_gcc.h ****   {
 711:Drivers/CMSIS/Include/cmsis_gcc.h ****     const int32_t max = (int32_t)((1U << (sat - 1U)) - 1U);
 712:Drivers/CMSIS/Include/cmsis_gcc.h ****     const int32_t min = -1 - max ;
 713:Drivers/CMSIS/Include/cmsis_gcc.h ****     if (val > max)
 714:Drivers/CMSIS/Include/cmsis_gcc.h ****     {
 715:Drivers/CMSIS/Include/cmsis_gcc.h ****       return max;
 716:Drivers/CMSIS/Include/cmsis_gcc.h ****     }
 717:Drivers/CMSIS/Include/cmsis_gcc.h ****     else if (val < min)
 718:Drivers/CMSIS/Include/cmsis_gcc.h ****     {
 719:Drivers/CMSIS/Include/cmsis_gcc.h ****       return min;
 720:Drivers/CMSIS/Include/cmsis_gcc.h ****     }
 721:Drivers/CMSIS/Include/cmsis_gcc.h ****   }
 722:Drivers/CMSIS/Include/cmsis_gcc.h ****   return val;
 723:Drivers/CMSIS/Include/cmsis_gcc.h **** }
 724:Drivers/CMSIS/Include/cmsis_gcc.h **** 
 725:Drivers/CMSIS/Include/cmsis_gcc.h **** /**
 726:Drivers/CMSIS/Include/cmsis_gcc.h ****   \brief   Unsigned Saturate
 727:Drivers/CMSIS/Include/cmsis_gcc.h ****   \details Saturates an unsigned value.
 728:Drivers/CMSIS/Include/cmsis_gcc.h ****   \param [in]  value  Value to be saturated
 729:Drivers/CMSIS/Include/cmsis_gcc.h ****   \param [in]    sat  Bit position to saturate to (0..31)
 730:Drivers/CMSIS/Include/cmsis_gcc.h ****   \return             Saturated value
 731:Drivers/CMSIS/Include/cmsis_gcc.h ****  */
 732:Drivers/CMSIS/Include/cmsis_gcc.h **** __STATIC_FORCEINLINE uint32_t __USAT(int32_t val, uint32_t sat)
 733:Drivers/CMSIS/Include/cmsis_gcc.h **** {
 734:Drivers/CMSIS/Include/cmsis_gcc.h ****   if (sat <= 31U)
 735:Drivers/CMSIS/Include/cmsis_gcc.h ****   {
 736:Drivers/CMSIS/Include/cmsis_gcc.h ****     const uint32_t max = ((1U << sat) - 1U);
 737:Drivers/CMSIS/Include/cmsis_gcc.h ****     if (val > (int32_t)max)
 738:Drivers/CMSIS/Include/cmsis_gcc.h ****     {
 739:Drivers/CMSIS/Include/cmsis_gcc.h ****       return max;
 740:Drivers/CMSIS/Include/cmsis_gcc.h ****     }
 741:Drivers/CMSIS/Include/cmsis_gcc.h ****     else if (val < 0)
 742:Drivers/CMSIS/Include/cmsis_gcc.h ****     {
 743:Drivers/CMSIS/Include/cmsis_gcc.h ****       return 0U;
 744:Drivers/CMSIS/Include/cmsis_gcc.h ****     }
 745:Drivers/CMSIS/Include/cmsis_gcc.h ****   }
 746:Drivers/CMSIS/Include/cmsis_gcc.h ****   return (uint32_t)val;
 747:Drivers/CMSIS/Include/cmsis_gcc.h **** }
 748:Drivers/CMSIS/Include/cmsis_gcc.h **** 
 749:Drivers/CMSIS/Include/cmsis_gcc.h **** #endif /* ((defined (__ARM_ARCH_7M__      ) && (__ARM_ARCH_7M__      == 1)) || \
 750:Drivers/CMSIS/Include/cmsis_gcc.h ****            (defined (__ARM_ARCH_7EM__     ) && (__ARM_ARCH_7EM__     == 1)) || \
 751:Drivers/CMSIS/Include/cmsis_gcc.h ****            (defined (__ARM_ARCH_8M_MAIN__ ) && (__ARM_ARCH_8M_MAIN__ == 1))    ) */
 752:Drivers/CMSIS/Include/cmsis_gcc.h **** 
 753:Drivers/CMSIS/Include/cmsis_gcc.h **** 
 754:Drivers/CMSIS/Include/cmsis_gcc.h **** #if ((defined (__ARM_ARCH_8M_MAIN__ ) && (__ARM_ARCH_8M_MAIN__ == 1)) || \
 755:Drivers/CMSIS/Include/cmsis_gcc.h ****      (defined (__ARM_ARCH_8M_BASE__ ) && (__ARM_ARCH_8M_BASE__ == 1))    )
 756:Drivers/CMSIS/Include/cmsis_gcc.h **** /**
 757:Drivers/CMSIS/Include/cmsis_gcc.h ****   \brief   Load-Acquire (8 bit)
 758:Drivers/CMSIS/Include/cmsis_gcc.h ****   \details Executes a LDAB instruction for 8 bit value.
 759:Drivers/CMSIS/Include/cmsis_gcc.h ****   \param [in]    ptr  Pointer to data
 760:Drivers/CMSIS/Include/cmsis_gcc.h ****   \return             value of type uint8_t at (*ptr)
 761:Drivers/CMSIS/Include/cmsis_gcc.h ****  */
 762:Drivers/CMSIS/Include/cmsis_gcc.h **** __STATIC_FORCEINLINE uint8_t __LDAB(volatile uint8_t *ptr)
 763:Drivers/CMSIS/Include/cmsis_gcc.h **** {
 764:Drivers/CMSIS/Include/cmsis_gcc.h ****     uint32_t result;
 765:Drivers/CMSIS/Include/cmsis_gcc.h **** 
 766:Drivers/CMSIS/Include/cmsis_gcc.h ****    __ASM volatile ("ldab %0, %1" : "=r" (result) : "Q" (*ptr) : "memory" );
ARM GAS  C:\Users\81506\AppData\Local\Temp\ccwpvkma.s 			page 23


 767:Drivers/CMSIS/Include/cmsis_gcc.h ****    return ((uint8_t) result);
 768:Drivers/CMSIS/Include/cmsis_gcc.h **** }
 769:Drivers/CMSIS/Include/cmsis_gcc.h **** 
 770:Drivers/CMSIS/Include/cmsis_gcc.h **** 
 771:Drivers/CMSIS/Include/cmsis_gcc.h **** /**
 772:Drivers/CMSIS/Include/cmsis_gcc.h ****   \brief   Load-Acquire (16 bit)
 773:Drivers/CMSIS/Include/cmsis_gcc.h ****   \details Executes a LDAH instruction for 16 bit values.
 774:Drivers/CMSIS/Include/cmsis_gcc.h ****   \param [in]    ptr  Pointer to data
 775:Drivers/CMSIS/Include/cmsis_gcc.h ****   \return        value of type uint16_t at (*ptr)
 776:Drivers/CMSIS/Include/cmsis_gcc.h ****  */
 777:Drivers/CMSIS/Include/cmsis_gcc.h **** __STATIC_FORCEINLINE uint16_t __LDAH(volatile uint16_t *ptr)
 778:Drivers/CMSIS/Include/cmsis_gcc.h **** {
 779:Drivers/CMSIS/Include/cmsis_gcc.h ****     uint32_t result;
 780:Drivers/CMSIS/Include/cmsis_gcc.h **** 
 781:Drivers/CMSIS/Include/cmsis_gcc.h ****    __ASM volatile ("ldah %0, %1" : "=r" (result) : "Q" (*ptr) : "memory" );
 782:Drivers/CMSIS/Include/cmsis_gcc.h ****    return ((uint16_t) result);
 783:Drivers/CMSIS/Include/cmsis_gcc.h **** }
 784:Drivers/CMSIS/Include/cmsis_gcc.h **** 
 785:Drivers/CMSIS/Include/cmsis_gcc.h **** 
 786:Drivers/CMSIS/Include/cmsis_gcc.h **** /**
 787:Drivers/CMSIS/Include/cmsis_gcc.h ****   \brief   Load-Acquire (32 bit)
 788:Drivers/CMSIS/Include/cmsis_gcc.h ****   \details Executes a LDA instruction for 32 bit values.
 789:Drivers/CMSIS/Include/cmsis_gcc.h ****   \param [in]    ptr  Pointer to data
 790:Drivers/CMSIS/Include/cmsis_gcc.h ****   \return        value of type uint32_t at (*ptr)
 791:Drivers/CMSIS/Include/cmsis_gcc.h ****  */
 792:Drivers/CMSIS/Include/cmsis_gcc.h **** __STATIC_FORCEINLINE uint32_t __LDA(volatile uint32_t *ptr)
 793:Drivers/CMSIS/Include/cmsis_gcc.h **** {
 794:Drivers/CMSIS/Include/cmsis_gcc.h ****     uint32_t result;
 795:Drivers/CMSIS/Include/cmsis_gcc.h **** 
 796:Drivers/CMSIS/Include/cmsis_gcc.h ****    __ASM volatile ("lda %0, %1" : "=r" (result) : "Q" (*ptr) : "memory" );
 797:Drivers/CMSIS/Include/cmsis_gcc.h ****    return(result);
 798:Drivers/CMSIS/Include/cmsis_gcc.h **** }
 799:Drivers/CMSIS/Include/cmsis_gcc.h **** 
 800:Drivers/CMSIS/Include/cmsis_gcc.h **** 
 801:Drivers/CMSIS/Include/cmsis_gcc.h **** /**
 802:Drivers/CMSIS/Include/cmsis_gcc.h ****   \brief   Store-Release (8 bit)
 803:Drivers/CMSIS/Include/cmsis_gcc.h ****   \details Executes a STLB instruction for 8 bit values.
 804:Drivers/CMSIS/Include/cmsis_gcc.h ****   \param [in]  value  Value to store
 805:Drivers/CMSIS/Include/cmsis_gcc.h ****   \param [in]    ptr  Pointer to location
 806:Drivers/CMSIS/Include/cmsis_gcc.h ****  */
 807:Drivers/CMSIS/Include/cmsis_gcc.h **** __STATIC_FORCEINLINE void __STLB(uint8_t value, volatile uint8_t *ptr)
 808:Drivers/CMSIS/Include/cmsis_gcc.h **** {
 809:Drivers/CMSIS/Include/cmsis_gcc.h ****    __ASM volatile ("stlb %1, %0" : "=Q" (*ptr) : "r" ((uint32_t)value) : "memory" );
 810:Drivers/CMSIS/Include/cmsis_gcc.h **** }
 811:Drivers/CMSIS/Include/cmsis_gcc.h **** 
 812:Drivers/CMSIS/Include/cmsis_gcc.h **** 
 813:Drivers/CMSIS/Include/cmsis_gcc.h **** /**
 814:Drivers/CMSIS/Include/cmsis_gcc.h ****   \brief   Store-Release (16 bit)
 815:Drivers/CMSIS/Include/cmsis_gcc.h ****   \details Executes a STLH instruction for 16 bit values.
 816:Drivers/CMSIS/Include/cmsis_gcc.h ****   \param [in]  value  Value to store
 817:Drivers/CMSIS/Include/cmsis_gcc.h ****   \param [in]    ptr  Pointer to location
 818:Drivers/CMSIS/Include/cmsis_gcc.h ****  */
 819:Drivers/CMSIS/Include/cmsis_gcc.h **** __STATIC_FORCEINLINE void __STLH(uint16_t value, volatile uint16_t *ptr)
 820:Drivers/CMSIS/Include/cmsis_gcc.h **** {
 821:Drivers/CMSIS/Include/cmsis_gcc.h ****    __ASM volatile ("stlh %1, %0" : "=Q" (*ptr) : "r" ((uint32_t)value) : "memory" );
 822:Drivers/CMSIS/Include/cmsis_gcc.h **** }
 823:Drivers/CMSIS/Include/cmsis_gcc.h **** 
ARM GAS  C:\Users\81506\AppData\Local\Temp\ccwpvkma.s 			page 24


 824:Drivers/CMSIS/Include/cmsis_gcc.h **** 
 825:Drivers/CMSIS/Include/cmsis_gcc.h **** /**
 826:Drivers/CMSIS/Include/cmsis_gcc.h ****   \brief   Store-Release (32 bit)
 827:Drivers/CMSIS/Include/cmsis_gcc.h ****   \details Executes a STL instruction for 32 bit values.
 828:Drivers/CMSIS/Include/cmsis_gcc.h ****   \param [in]  value  Value to store
 829:Drivers/CMSIS/Include/cmsis_gcc.h ****   \param [in]    ptr  Pointer to location
 830:Drivers/CMSIS/Include/cmsis_gcc.h ****  */
 831:Drivers/CMSIS/Include/cmsis_gcc.h **** __STATIC_FORCEINLINE void __STL(uint32_t value, volatile uint32_t *ptr)
 832:Drivers/CMSIS/Include/cmsis_gcc.h **** {
 833:Drivers/CMSIS/Include/cmsis_gcc.h ****    __ASM volatile ("stl %1, %0" : "=Q" (*ptr) : "r" ((uint32_t)value) : "memory" );
 834:Drivers/CMSIS/Include/cmsis_gcc.h **** }
 835:Drivers/CMSIS/Include/cmsis_gcc.h **** 
 836:Drivers/CMSIS/Include/cmsis_gcc.h **** 
 837:Drivers/CMSIS/Include/cmsis_gcc.h **** /**
 838:Drivers/CMSIS/Include/cmsis_gcc.h ****   \brief   Load-Acquire Exclusive (8 bit)
 839:Drivers/CMSIS/Include/cmsis_gcc.h ****   \details Executes a LDAB exclusive instruction for 8 bit value.
 840:Drivers/CMSIS/Include/cmsis_gcc.h ****   \param [in]    ptr  Pointer to data
 841:Drivers/CMSIS/Include/cmsis_gcc.h ****   \return             value of type uint8_t at (*ptr)
 842:Drivers/CMSIS/Include/cmsis_gcc.h ****  */
 843:Drivers/CMSIS/Include/cmsis_gcc.h **** __STATIC_FORCEINLINE uint8_t __LDAEXB(volatile uint8_t *ptr)
 844:Drivers/CMSIS/Include/cmsis_gcc.h **** {
 845:Drivers/CMSIS/Include/cmsis_gcc.h ****     uint32_t result;
 846:Drivers/CMSIS/Include/cmsis_gcc.h **** 
 847:Drivers/CMSIS/Include/cmsis_gcc.h ****    __ASM volatile ("ldaexb %0, %1" : "=r" (result) : "Q" (*ptr) : "memory" );
 848:Drivers/CMSIS/Include/cmsis_gcc.h ****    return ((uint8_t) result);
 849:Drivers/CMSIS/Include/cmsis_gcc.h **** }
 850:Drivers/CMSIS/Include/cmsis_gcc.h **** 
 851:Drivers/CMSIS/Include/cmsis_gcc.h **** 
 852:Drivers/CMSIS/Include/cmsis_gcc.h **** /**
 853:Drivers/CMSIS/Include/cmsis_gcc.h ****   \brief   Load-Acquire Exclusive (16 bit)
 854:Drivers/CMSIS/Include/cmsis_gcc.h ****   \details Executes a LDAH exclusive instruction for 16 bit values.
 855:Drivers/CMSIS/Include/cmsis_gcc.h ****   \param [in]    ptr  Pointer to data
 856:Drivers/CMSIS/Include/cmsis_gcc.h ****   \return        value of type uint16_t at (*ptr)
 857:Drivers/CMSIS/Include/cmsis_gcc.h ****  */
 858:Drivers/CMSIS/Include/cmsis_gcc.h **** __STATIC_FORCEINLINE uint16_t __LDAEXH(volatile uint16_t *ptr)
 859:Drivers/CMSIS/Include/cmsis_gcc.h **** {
 860:Drivers/CMSIS/Include/cmsis_gcc.h ****     uint32_t result;
 861:Drivers/CMSIS/Include/cmsis_gcc.h **** 
 862:Drivers/CMSIS/Include/cmsis_gcc.h ****    __ASM volatile ("ldaexh %0, %1" : "=r" (result) : "Q" (*ptr) : "memory" );
 863:Drivers/CMSIS/Include/cmsis_gcc.h ****    return ((uint16_t) result);
 864:Drivers/CMSIS/Include/cmsis_gcc.h **** }
 865:Drivers/CMSIS/Include/cmsis_gcc.h **** 
 866:Drivers/CMSIS/Include/cmsis_gcc.h **** 
 867:Drivers/CMSIS/Include/cmsis_gcc.h **** /**
 868:Drivers/CMSIS/Include/cmsis_gcc.h ****   \brief   Load-Acquire Exclusive (32 bit)
 869:Drivers/CMSIS/Include/cmsis_gcc.h ****   \details Executes a LDA exclusive instruction for 32 bit values.
 870:Drivers/CMSIS/Include/cmsis_gcc.h ****   \param [in]    ptr  Pointer to data
 871:Drivers/CMSIS/Include/cmsis_gcc.h ****   \return        value of type uint32_t at (*ptr)
 872:Drivers/CMSIS/Include/cmsis_gcc.h ****  */
 873:Drivers/CMSIS/Include/cmsis_gcc.h **** __STATIC_FORCEINLINE uint32_t __LDAEX(volatile uint32_t *ptr)
 874:Drivers/CMSIS/Include/cmsis_gcc.h **** {
 875:Drivers/CMSIS/Include/cmsis_gcc.h ****     uint32_t result;
 876:Drivers/CMSIS/Include/cmsis_gcc.h **** 
 877:Drivers/CMSIS/Include/cmsis_gcc.h ****    __ASM volatile ("ldaex %0, %1" : "=r" (result) : "Q" (*ptr) : "memory" );
 878:Drivers/CMSIS/Include/cmsis_gcc.h ****    return(result);
 879:Drivers/CMSIS/Include/cmsis_gcc.h **** }
 880:Drivers/CMSIS/Include/cmsis_gcc.h **** 
ARM GAS  C:\Users\81506\AppData\Local\Temp\ccwpvkma.s 			page 25


 881:Drivers/CMSIS/Include/cmsis_gcc.h **** 
 882:Drivers/CMSIS/Include/cmsis_gcc.h **** /**
 883:Drivers/CMSIS/Include/cmsis_gcc.h ****   \brief   Store-Release Exclusive (8 bit)
 884:Drivers/CMSIS/Include/cmsis_gcc.h ****   \details Executes a STLB exclusive instruction for 8 bit values.
 885:Drivers/CMSIS/Include/cmsis_gcc.h ****   \param [in]  value  Value to store
 886:Drivers/CMSIS/Include/cmsis_gcc.h ****   \param [in]    ptr  Pointer to location
 887:Drivers/CMSIS/Include/cmsis_gcc.h ****   \return          0  Function succeeded
 888:Drivers/CMSIS/Include/cmsis_gcc.h ****   \return          1  Function failed
 889:Drivers/CMSIS/Include/cmsis_gcc.h ****  */
 890:Drivers/CMSIS/Include/cmsis_gcc.h **** __STATIC_FORCEINLINE uint32_t __STLEXB(uint8_t value, volatile uint8_t *ptr)
 891:Drivers/CMSIS/Include/cmsis_gcc.h **** {
 892:Drivers/CMSIS/Include/cmsis_gcc.h ****    uint32_t result;
 893:Drivers/CMSIS/Include/cmsis_gcc.h **** 
 894:Drivers/CMSIS/Include/cmsis_gcc.h ****    __ASM volatile ("stlexb %0, %2, %1" : "=&r" (result), "=Q" (*ptr) : "r" ((uint32_t)value) : "mem
 895:Drivers/CMSIS/Include/cmsis_gcc.h ****    return(result);
 896:Drivers/CMSIS/Include/cmsis_gcc.h **** }
 897:Drivers/CMSIS/Include/cmsis_gcc.h **** 
 898:Drivers/CMSIS/Include/cmsis_gcc.h **** 
 899:Drivers/CMSIS/Include/cmsis_gcc.h **** /**
 900:Drivers/CMSIS/Include/cmsis_gcc.h ****   \brief   Store-Release Exclusive (16 bit)
 901:Drivers/CMSIS/Include/cmsis_gcc.h ****   \details Executes a STLH exclusive instruction for 16 bit values.
 902:Drivers/CMSIS/Include/cmsis_gcc.h ****   \param [in]  value  Value to store
 903:Drivers/CMSIS/Include/cmsis_gcc.h ****   \param [in]    ptr  Pointer to location
 904:Drivers/CMSIS/Include/cmsis_gcc.h ****   \return          0  Function succeeded
 905:Drivers/CMSIS/Include/cmsis_gcc.h ****   \return          1  Function failed
 906:Drivers/CMSIS/Include/cmsis_gcc.h ****  */
 907:Drivers/CMSIS/Include/cmsis_gcc.h **** __STATIC_FORCEINLINE uint32_t __STLEXH(uint16_t value, volatile uint16_t *ptr)
 908:Drivers/CMSIS/Include/cmsis_gcc.h **** {
 909:Drivers/CMSIS/Include/cmsis_gcc.h ****    uint32_t result;
 910:Drivers/CMSIS/Include/cmsis_gcc.h **** 
 911:Drivers/CMSIS/Include/cmsis_gcc.h ****    __ASM volatile ("stlexh %0, %2, %1" : "=&r" (result), "=Q" (*ptr) : "r" ((uint32_t)value) : "mem
 912:Drivers/CMSIS/Include/cmsis_gcc.h ****    return(result);
 913:Drivers/CMSIS/Include/cmsis_gcc.h **** }
 914:Drivers/CMSIS/Include/cmsis_gcc.h **** 
 915:Drivers/CMSIS/Include/cmsis_gcc.h **** 
 916:Drivers/CMSIS/Include/cmsis_gcc.h **** /**
 917:Drivers/CMSIS/Include/cmsis_gcc.h ****   \brief   Store-Release Exclusive (32 bit)
 918:Drivers/CMSIS/Include/cmsis_gcc.h ****   \details Executes a STL exclusive instruction for 32 bit values.
 919:Drivers/CMSIS/Include/cmsis_gcc.h ****   \param [in]  value  Value to store
 920:Drivers/CMSIS/Include/cmsis_gcc.h ****   \param [in]    ptr  Pointer to location
 921:Drivers/CMSIS/Include/cmsis_gcc.h ****   \return          0  Function succeeded
 922:Drivers/CMSIS/Include/cmsis_gcc.h ****   \return          1  Function failed
 923:Drivers/CMSIS/Include/cmsis_gcc.h ****  */
 924:Drivers/CMSIS/Include/cmsis_gcc.h **** __STATIC_FORCEINLINE uint32_t __STLEX(uint32_t value, volatile uint32_t *ptr)
 925:Drivers/CMSIS/Include/cmsis_gcc.h **** {
 926:Drivers/CMSIS/Include/cmsis_gcc.h ****    uint32_t result;
 927:Drivers/CMSIS/Include/cmsis_gcc.h **** 
 928:Drivers/CMSIS/Include/cmsis_gcc.h ****    __ASM volatile ("stlex %0, %2, %1" : "=&r" (result), "=Q" (*ptr) : "r" ((uint32_t)value) : "memo
 929:Drivers/CMSIS/Include/cmsis_gcc.h ****    return(result);
 930:Drivers/CMSIS/Include/cmsis_gcc.h **** }
 931:Drivers/CMSIS/Include/cmsis_gcc.h **** 
 932:Drivers/CMSIS/Include/cmsis_gcc.h **** #endif /* ((defined (__ARM_ARCH_8M_MAIN__ ) && (__ARM_ARCH_8M_MAIN__ == 1)) || \
 933:Drivers/CMSIS/Include/cmsis_gcc.h ****            (defined (__ARM_ARCH_8M_BASE__ ) && (__ARM_ARCH_8M_BASE__ == 1))    ) */
 934:Drivers/CMSIS/Include/cmsis_gcc.h **** 
 935:Drivers/CMSIS/Include/cmsis_gcc.h **** /*@}*/ /* end of group CMSIS_Core_InstructionInterface */
 936:Drivers/CMSIS/Include/cmsis_gcc.h **** 
 937:Drivers/CMSIS/Include/cmsis_gcc.h **** 
ARM GAS  C:\Users\81506\AppData\Local\Temp\ccwpvkma.s 			page 26


 938:Drivers/CMSIS/Include/cmsis_gcc.h **** /* ###########################  Core Function Access  ########################### */
 939:Drivers/CMSIS/Include/cmsis_gcc.h **** /** \ingroup  CMSIS_Core_FunctionInterface
 940:Drivers/CMSIS/Include/cmsis_gcc.h ****     \defgroup CMSIS_Core_RegAccFunctions CMSIS Core Register Access Functions
 941:Drivers/CMSIS/Include/cmsis_gcc.h ****   @{
 942:Drivers/CMSIS/Include/cmsis_gcc.h ****  */
 943:Drivers/CMSIS/Include/cmsis_gcc.h **** 
 944:Drivers/CMSIS/Include/cmsis_gcc.h **** /**
 945:Drivers/CMSIS/Include/cmsis_gcc.h ****   \brief   Enable IRQ Interrupts
 946:Drivers/CMSIS/Include/cmsis_gcc.h ****   \details Enables IRQ interrupts by clearing special-purpose register PRIMASK.
 947:Drivers/CMSIS/Include/cmsis_gcc.h ****            Can only be executed in Privileged modes.
 948:Drivers/CMSIS/Include/cmsis_gcc.h ****  */
 949:Drivers/CMSIS/Include/cmsis_gcc.h **** __STATIC_FORCEINLINE void __enable_irq(void)
 950:Drivers/CMSIS/Include/cmsis_gcc.h **** {
 951:Drivers/CMSIS/Include/cmsis_gcc.h ****   __ASM volatile ("cpsie i" : : : "memory");
 952:Drivers/CMSIS/Include/cmsis_gcc.h **** }
 953:Drivers/CMSIS/Include/cmsis_gcc.h **** 
 954:Drivers/CMSIS/Include/cmsis_gcc.h **** 
 955:Drivers/CMSIS/Include/cmsis_gcc.h **** /**
 956:Drivers/CMSIS/Include/cmsis_gcc.h ****   \brief   Disable IRQ Interrupts
 957:Drivers/CMSIS/Include/cmsis_gcc.h ****   \details Disables IRQ interrupts by setting special-purpose register PRIMASK.
 958:Drivers/CMSIS/Include/cmsis_gcc.h ****            Can only be executed in Privileged modes.
 959:Drivers/CMSIS/Include/cmsis_gcc.h ****  */
 960:Drivers/CMSIS/Include/cmsis_gcc.h **** __STATIC_FORCEINLINE void __disable_irq(void)
 217              		.loc 2 960 27 view .LVU41
 218              	.LBB6:
 961:Drivers/CMSIS/Include/cmsis_gcc.h **** {
 962:Drivers/CMSIS/Include/cmsis_gcc.h ****   __ASM volatile ("cpsid i" : : : "memory");
 219              		.loc 2 962 3 view .LVU42
 220              		.syntax unified
 221              	@ 962 "Drivers/CMSIS/Include/cmsis_gcc.h" 1
 222 0000 72B6     		cpsid i
 223              	@ 0 "" 2
 224              		.thumb
 225              		.syntax unified
 226              	.L19:
 227              	.LBE6:
 228              	.LBE5:
 260:Core/Src/main.c ****   while (1)
 229              		.loc 1 260 3 view .LVU43
 261:Core/Src/main.c ****   {
 262:Core/Src/main.c ****   }
 230              		.loc 1 262 3 view .LVU44
 260:Core/Src/main.c ****   while (1)
 231              		.loc 1 260 9 view .LVU45
 232 0002 FEE7     		b	.L19
 233              		.cfi_endproc
 234              	.LFE142:
 236              		.section	.text.SystemClock_Config,"ax",%progbits
 237              		.align	1
 238              		.global	SystemClock_Config
 239              		.syntax unified
 240              		.thumb
 241              		.thumb_func
 243              	SystemClock_Config:
 244              	.LFB138:
 170:Core/Src/main.c ****   RCC_OscInitTypeDef RCC_OscInitStruct = {0};
 245              		.loc 1 170 1 view -0
ARM GAS  C:\Users\81506\AppData\Local\Temp\ccwpvkma.s 			page 27


 246              		.cfi_startproc
 247              		@ args = 0, pretend = 0, frame = 80
 248              		@ frame_needed = 0, uses_anonymous_args = 0
 249 0000 00B5     		push	{lr}
 250              	.LCFI2:
 251              		.cfi_def_cfa_offset 4
 252              		.cfi_offset 14, -4
 253 0002 95B0     		sub	sp, sp, #84
 254              	.LCFI3:
 255              		.cfi_def_cfa_offset 88
 171:Core/Src/main.c ****   RCC_ClkInitTypeDef RCC_ClkInitStruct = {0};
 256              		.loc 1 171 3 view .LVU47
 171:Core/Src/main.c ****   RCC_ClkInitTypeDef RCC_ClkInitStruct = {0};
 257              		.loc 1 171 22 is_stmt 0 view .LVU48
 258 0004 3022     		movs	r2, #48
 259 0006 0021     		movs	r1, #0
 260 0008 08A8     		add	r0, sp, #32
 261 000a FFF7FEFF 		bl	memset
 262              	.LVL11:
 172:Core/Src/main.c **** 
 263              		.loc 1 172 3 is_stmt 1 view .LVU49
 172:Core/Src/main.c **** 
 264              		.loc 1 172 22 is_stmt 0 view .LVU50
 265 000e 0023     		movs	r3, #0
 266 0010 0393     		str	r3, [sp, #12]
 267 0012 0493     		str	r3, [sp, #16]
 268 0014 0593     		str	r3, [sp, #20]
 269 0016 0693     		str	r3, [sp, #24]
 270 0018 0793     		str	r3, [sp, #28]
 176:Core/Src/main.c ****   __HAL_PWR_VOLTAGESCALING_CONFIG(PWR_REGULATOR_VOLTAGE_SCALE1);
 271              		.loc 1 176 3 is_stmt 1 view .LVU51
 272              	.LBB7:
 176:Core/Src/main.c ****   __HAL_PWR_VOLTAGESCALING_CONFIG(PWR_REGULATOR_VOLTAGE_SCALE1);
 273              		.loc 1 176 3 view .LVU52
 274 001a 0193     		str	r3, [sp, #4]
 176:Core/Src/main.c ****   __HAL_PWR_VOLTAGESCALING_CONFIG(PWR_REGULATOR_VOLTAGE_SCALE1);
 275              		.loc 1 176 3 view .LVU53
 276 001c 204A     		ldr	r2, .L26
 277 001e 116C     		ldr	r1, [r2, #64]
 278 0020 41F08051 		orr	r1, r1, #268435456
 279 0024 1164     		str	r1, [r2, #64]
 176:Core/Src/main.c ****   __HAL_PWR_VOLTAGESCALING_CONFIG(PWR_REGULATOR_VOLTAGE_SCALE1);
 280              		.loc 1 176 3 view .LVU54
 281 0026 126C     		ldr	r2, [r2, #64]
 282 0028 02F08052 		and	r2, r2, #268435456
 283 002c 0192     		str	r2, [sp, #4]
 176:Core/Src/main.c ****   __HAL_PWR_VOLTAGESCALING_CONFIG(PWR_REGULATOR_VOLTAGE_SCALE1);
 284              		.loc 1 176 3 view .LVU55
 285 002e 019A     		ldr	r2, [sp, #4]
 286              	.LBE7:
 176:Core/Src/main.c ****   __HAL_PWR_VOLTAGESCALING_CONFIG(PWR_REGULATOR_VOLTAGE_SCALE1);
 287              		.loc 1 176 3 view .LVU56
 177:Core/Src/main.c **** 
 288              		.loc 1 177 3 view .LVU57
 289              	.LBB8:
 177:Core/Src/main.c **** 
 290              		.loc 1 177 3 view .LVU58
ARM GAS  C:\Users\81506\AppData\Local\Temp\ccwpvkma.s 			page 28


 291 0030 0293     		str	r3, [sp, #8]
 177:Core/Src/main.c **** 
 292              		.loc 1 177 3 view .LVU59
 293 0032 1C4B     		ldr	r3, .L26+4
 294 0034 1A68     		ldr	r2, [r3]
 295 0036 42F48042 		orr	r2, r2, #16384
 296 003a 1A60     		str	r2, [r3]
 177:Core/Src/main.c **** 
 297              		.loc 1 177 3 view .LVU60
 298 003c 1B68     		ldr	r3, [r3]
 299 003e 03F48043 		and	r3, r3, #16384
 300 0042 0293     		str	r3, [sp, #8]
 177:Core/Src/main.c **** 
 301              		.loc 1 177 3 view .LVU61
 302 0044 029B     		ldr	r3, [sp, #8]
 303              	.LBE8:
 177:Core/Src/main.c **** 
 304              		.loc 1 177 3 view .LVU62
 182:Core/Src/main.c ****   RCC_OscInitStruct.HSEState = RCC_HSE_ON;
 305              		.loc 1 182 3 view .LVU63
 182:Core/Src/main.c ****   RCC_OscInitStruct.HSEState = RCC_HSE_ON;
 306              		.loc 1 182 36 is_stmt 0 view .LVU64
 307 0046 0123     		movs	r3, #1
 308 0048 0893     		str	r3, [sp, #32]
 183:Core/Src/main.c ****   RCC_OscInitStruct.PLL.PLLState = RCC_PLL_ON;
 309              		.loc 1 183 3 is_stmt 1 view .LVU65
 183:Core/Src/main.c ****   RCC_OscInitStruct.PLL.PLLState = RCC_PLL_ON;
 310              		.loc 1 183 30 is_stmt 0 view .LVU66
 311 004a 4FF48033 		mov	r3, #65536
 312 004e 0993     		str	r3, [sp, #36]
 184:Core/Src/main.c ****   RCC_OscInitStruct.PLL.PLLSource = RCC_PLLSOURCE_HSE;
 313              		.loc 1 184 3 is_stmt 1 view .LVU67
 184:Core/Src/main.c ****   RCC_OscInitStruct.PLL.PLLSource = RCC_PLLSOURCE_HSE;
 314              		.loc 1 184 34 is_stmt 0 view .LVU68
 315 0050 0222     		movs	r2, #2
 316 0052 0E92     		str	r2, [sp, #56]
 185:Core/Src/main.c ****   RCC_OscInitStruct.PLL.PLLM = 4;
 317              		.loc 1 185 3 is_stmt 1 view .LVU69
 185:Core/Src/main.c ****   RCC_OscInitStruct.PLL.PLLM = 4;
 318              		.loc 1 185 35 is_stmt 0 view .LVU70
 319 0054 4FF48003 		mov	r3, #4194304
 320 0058 0F93     		str	r3, [sp, #60]
 186:Core/Src/main.c ****   RCC_OscInitStruct.PLL.PLLN = 168;
 321              		.loc 1 186 3 is_stmt 1 view .LVU71
 186:Core/Src/main.c ****   RCC_OscInitStruct.PLL.PLLN = 168;
 322              		.loc 1 186 30 is_stmt 0 view .LVU72
 323 005a 0423     		movs	r3, #4
 324 005c 1093     		str	r3, [sp, #64]
 187:Core/Src/main.c ****   RCC_OscInitStruct.PLL.PLLP = RCC_PLLP_DIV2;
 325              		.loc 1 187 3 is_stmt 1 view .LVU73
 187:Core/Src/main.c ****   RCC_OscInitStruct.PLL.PLLP = RCC_PLLP_DIV2;
 326              		.loc 1 187 30 is_stmt 0 view .LVU74
 327 005e A821     		movs	r1, #168
 328 0060 1191     		str	r1, [sp, #68]
 188:Core/Src/main.c ****   RCC_OscInitStruct.PLL.PLLQ = 4;
 329              		.loc 1 188 3 is_stmt 1 view .LVU75
 188:Core/Src/main.c ****   RCC_OscInitStruct.PLL.PLLQ = 4;
ARM GAS  C:\Users\81506\AppData\Local\Temp\ccwpvkma.s 			page 29


 330              		.loc 1 188 30 is_stmt 0 view .LVU76
 331 0062 1292     		str	r2, [sp, #72]
 189:Core/Src/main.c ****   if (HAL_RCC_OscConfig(&RCC_OscInitStruct) != HAL_OK)
 332              		.loc 1 189 3 is_stmt 1 view .LVU77
 189:Core/Src/main.c ****   if (HAL_RCC_OscConfig(&RCC_OscInitStruct) != HAL_OK)
 333              		.loc 1 189 30 is_stmt 0 view .LVU78
 334 0064 1393     		str	r3, [sp, #76]
 190:Core/Src/main.c ****   {
 335              		.loc 1 190 3 is_stmt 1 view .LVU79
 190:Core/Src/main.c ****   {
 336              		.loc 1 190 7 is_stmt 0 view .LVU80
 337 0066 08A8     		add	r0, sp, #32
 338 0068 FFF7FEFF 		bl	HAL_RCC_OscConfig
 339              	.LVL12:
 190:Core/Src/main.c ****   {
 340              		.loc 1 190 6 discriminator 1 view .LVU81
 341 006c 98B9     		cbnz	r0, .L24
 197:Core/Src/main.c ****                               |RCC_CLOCKTYPE_PCLK1|RCC_CLOCKTYPE_PCLK2;
 342              		.loc 1 197 3 is_stmt 1 view .LVU82
 197:Core/Src/main.c ****                               |RCC_CLOCKTYPE_PCLK1|RCC_CLOCKTYPE_PCLK2;
 343              		.loc 1 197 31 is_stmt 0 view .LVU83
 344 006e 0F23     		movs	r3, #15
 345 0070 0393     		str	r3, [sp, #12]
 199:Core/Src/main.c ****   RCC_ClkInitStruct.AHBCLKDivider = RCC_SYSCLK_DIV1;
 346              		.loc 1 199 3 is_stmt 1 view .LVU84
 199:Core/Src/main.c ****   RCC_ClkInitStruct.AHBCLKDivider = RCC_SYSCLK_DIV1;
 347              		.loc 1 199 34 is_stmt 0 view .LVU85
 348 0072 0223     		movs	r3, #2
 349 0074 0493     		str	r3, [sp, #16]
 200:Core/Src/main.c ****   RCC_ClkInitStruct.APB1CLKDivider = RCC_HCLK_DIV4;
 350              		.loc 1 200 3 is_stmt 1 view .LVU86
 200:Core/Src/main.c ****   RCC_ClkInitStruct.APB1CLKDivider = RCC_HCLK_DIV4;
 351              		.loc 1 200 35 is_stmt 0 view .LVU87
 352 0076 0023     		movs	r3, #0
 353 0078 0593     		str	r3, [sp, #20]
 201:Core/Src/main.c ****   RCC_ClkInitStruct.APB2CLKDivider = RCC_HCLK_DIV2;
 354              		.loc 1 201 3 is_stmt 1 view .LVU88
 201:Core/Src/main.c ****   RCC_ClkInitStruct.APB2CLKDivider = RCC_HCLK_DIV2;
 355              		.loc 1 201 36 is_stmt 0 view .LVU89
 356 007a 4FF4A053 		mov	r3, #5120
 357 007e 0693     		str	r3, [sp, #24]
 202:Core/Src/main.c **** 
 358              		.loc 1 202 3 is_stmt 1 view .LVU90
 202:Core/Src/main.c **** 
 359              		.loc 1 202 36 is_stmt 0 view .LVU91
 360 0080 4FF48053 		mov	r3, #4096
 361 0084 0793     		str	r3, [sp, #28]
 204:Core/Src/main.c ****   {
 362              		.loc 1 204 3 is_stmt 1 view .LVU92
 204:Core/Src/main.c ****   {
 363              		.loc 1 204 7 is_stmt 0 view .LVU93
 364 0086 0521     		movs	r1, #5
 365 0088 03A8     		add	r0, sp, #12
 366 008a FFF7FEFF 		bl	HAL_RCC_ClockConfig
 367              	.LVL13:
 204:Core/Src/main.c ****   {
 368              		.loc 1 204 6 discriminator 1 view .LVU94
ARM GAS  C:\Users\81506\AppData\Local\Temp\ccwpvkma.s 			page 30


 369 008e 20B9     		cbnz	r0, .L25
 208:Core/Src/main.c **** 
 370              		.loc 1 208 1 view .LVU95
 371 0090 15B0     		add	sp, sp, #84
 372              	.LCFI4:
 373              		.cfi_remember_state
 374              		.cfi_def_cfa_offset 4
 375              		@ sp needed
 376 0092 5DF804FB 		ldr	pc, [sp], #4
 377              	.L24:
 378              	.LCFI5:
 379              		.cfi_restore_state
 192:Core/Src/main.c ****   }
 380              		.loc 1 192 5 is_stmt 1 view .LVU96
 381 0096 FFF7FEFF 		bl	Error_Handler
 382              	.LVL14:
 383              	.L25:
 206:Core/Src/main.c ****   }
 384              		.loc 1 206 5 view .LVU97
 385 009a FFF7FEFF 		bl	Error_Handler
 386              	.LVL15:
 387              	.L27:
 388 009e 00BF     		.align	2
 389              	.L26:
 390 00a0 00380240 		.word	1073887232
 391 00a4 00700040 		.word	1073770496
 392              		.cfi_endproc
 393              	.LFE138:
 395              		.section	.text.main,"ax",%progbits
 396              		.align	1
 397              		.global	main
 398              		.syntax unified
 399              		.thumb
 400              		.thumb_func
 402              	main:
 403              	.LFB137:
  74:Core/Src/main.c **** 
 404              		.loc 1 74 1 view -0
 405              		.cfi_startproc
 406              		@ Volatile: function does not return.
 407              		@ args = 0, pretend = 0, frame = 0
 408              		@ frame_needed = 0, uses_anonymous_args = 0
 409 0000 08B5     		push	{r3, lr}
 410              	.LCFI6:
 411              		.cfi_def_cfa_offset 8
 412              		.cfi_offset 3, -8
 413              		.cfi_offset 14, -4
  83:Core/Src/main.c **** 
 414              		.loc 1 83 3 view .LVU99
 415 0002 FFF7FEFF 		bl	HAL_Init
 416              	.LVL16:
  90:Core/Src/main.c **** 
 417              		.loc 1 90 3 view .LVU100
 418 0006 FFF7FEFF 		bl	SystemClock_Config
 419              	.LVL17:
  93:Core/Src/main.c ****   /* USER CODE END SysInit */
 420              		.loc 1 93 3 view .LVU101
ARM GAS  C:\Users\81506\AppData\Local\Temp\ccwpvkma.s 			page 31


 421 000a FFF7FEFF 		bl	TIM1_ClockInit_Cache
 422              	.LVL18:
  97:Core/Src/main.c ****   MX_CAN1_Init();
 423              		.loc 1 97 3 view .LVU102
 424 000e FFF7FEFF 		bl	MX_GPIO_Init
 425              	.LVL19:
  98:Core/Src/main.c ****   MX_TIM1_Init();
 426              		.loc 1 98 3 view .LVU103
 427 0012 FFF7FEFF 		bl	MX_CAN1_Init
 428              	.LVL20:
  99:Core/Src/main.c ****   MX_CAN2_Init();
 429              		.loc 1 99 3 view .LVU104
 430 0016 FFF7FEFF 		bl	MX_TIM1_Init
 431              	.LVL21:
 100:Core/Src/main.c ****   MX_TIM4_Init();
 432              		.loc 1 100 3 view .LVU105
 433 001a FFF7FEFF 		bl	MX_CAN2_Init
 434              	.LVL22:
 101:Core/Src/main.c ****   MX_USART1_UART_Init();
 435              		.loc 1 101 3 view .LVU106
 436 001e FFF7FEFF 		bl	MX_TIM4_Init
 437              	.LVL23:
 102:Core/Src/main.c ****   /* USER CODE BEGIN 2 */
 438              		.loc 1 102 3 view .LVU107
 439 0022 FFF7FEFF 		bl	MX_USART1_UART_Init
 440              	.LVL24:
 104:Core/Src/main.c ****   USER_CAN2_Filter_Init(); // 初始化CAN滤波器
 441              		.loc 1 104 3 view .LVU108
 442 0026 FFF7FEFF 		bl	USER_CAN1_Filter_Init
 443              	.LVL25:
 105:Core/Src/main.c ****   /* 不再在此处阻塞启动 CAN；改为后台重试策略，初始化重试时间戳，周期
 444              		.loc 1 105 3 view .LVU109
 445 002a FFF7FEFF 		bl	USER_CAN2_Filter_Init
 446              	.LVL26:
 107:Core/Src/main.c ****   XYR_Init(); // XYR位移台初始化
 447              		.loc 1 107 3 view .LVU110
 448 002e FFF7FEFF 		bl	CAN_InitRetryTimers
 449              	.LVL27:
 108:Core/Src/main.c **** 
 450              		.loc 1 108 3 view .LVU111
 451 0032 FFF7FEFF 		bl	XYR_Init
 452              	.LVL28:
 110:Core/Src/main.c **** 
 453              		.loc 1 110 3 view .LVU112
 454 0036 0F48     		ldr	r0, .L33
 455 0038 FFF7FEFF 		bl	HAL_TIM_Base_Start_IT
 456              	.LVL29:
 112:Core/Src/main.c **** 
 457              		.loc 1 112 3 view .LVU113
 458 003c 4FF4FA60 		mov	r0, #2000
 459 0040 FFF7FEFF 		bl	HAL_Delay
 460              	.LVL30:
 461 0044 0DE0     		b	.L30
 462              	.L32:
 154:Core/Src/main.c ****       XYR_Send_USB_Commend();
 463              		.loc 1 154 7 view .LVU114
 154:Core/Src/main.c ****       XYR_Send_USB_Commend();
ARM GAS  C:\Users\81506\AppData\Local\Temp\ccwpvkma.s 			page 32


 464              		.loc 1 154 21 is_stmt 0 view .LVU115
 465 0046 0C4B     		ldr	r3, .L33+4
 466 0048 0022     		movs	r2, #0
 467 004a 1A70     		strb	r2, [r3]
 155:Core/Src/main.c ****     }
 468              		.loc 1 155 7 is_stmt 1 view .LVU116
 469 004c FFF7FEFF 		bl	XYR_Send_USB_Commend
 470              	.LVL31:
 471              	.L29:
 158:Core/Src/main.c ****     XYR_MotorState_Update(2);
 472              		.loc 1 158 5 view .LVU117
 473 0050 0120     		movs	r0, #1
 474 0052 FFF7FEFF 		bl	XYR_MotorState_Update
 475              	.LVL32:
 159:Core/Src/main.c ****     XYR_MotorState_Update(3);
 476              		.loc 1 159 5 view .LVU118
 477 0056 0220     		movs	r0, #2
 478 0058 FFF7FEFF 		bl	XYR_MotorState_Update
 479              	.LVL33:
 160:Core/Src/main.c ****   }
 480              		.loc 1 160 5 view .LVU119
 481 005c 0320     		movs	r0, #3
 482 005e FFF7FEFF 		bl	XYR_MotorState_Update
 483              	.LVL34:
 142:Core/Src/main.c ****   {
 484              		.loc 1 142 9 view .LVU120
 485              	.L30:
 142:Core/Src/main.c ****   {
 486              		.loc 1 142 3 view .LVU121
 148:Core/Src/main.c **** 
 487              		.loc 1 148 5 view .LVU122
 488 0062 FFF7FEFF 		bl	XYR_AutoScan_Update
 489              	.LVL35:
 150:Core/Src/main.c **** 
 490              		.loc 1 150 5 view .LVU123
 491 0066 FFF7FEFF 		bl	XYR_Read_USB_Commend
 492              	.LVL36:
 152:Core/Src/main.c ****     {
 493              		.loc 1 152 5 view .LVU124
 152:Core/Src/main.c ****     {
 494              		.loc 1 152 9 is_stmt 0 view .LVU125
 495 006a 034B     		ldr	r3, .L33+4
 496 006c 1B78     		ldrb	r3, [r3]	@ zero_extendqisi2
 152:Core/Src/main.c ****     {
 497              		.loc 1 152 8 view .LVU126
 498 006e 002B     		cmp	r3, #0
 499 0070 E9D1     		bne	.L32
 500 0072 EDE7     		b	.L29
 501              	.L34:
 502              		.align	2
 503              	.L33:
 504 0074 00000000 		.word	htim4
 505 0078 00000000 		.word	USB_Send_Flag
 506              		.cfi_endproc
 507              	.LFE137:
 509              		.section	.bss.preTick_Tim4.0,"aw",%nobits
 510              		.align	2
ARM GAS  C:\Users\81506\AppData\Local\Temp\ccwpvkma.s 			page 33


 513              	preTick_Tim4.0:
 514 0000 00000000 		.space	4
 515              		.section	.bss.usartTest,"aw",%nobits
 516              		.align	2
 519              	usartTest:
 520 0000 00000000 		.space	4
 521              		.global	Tim4Send_freq
 522              		.section	.bss.Tim4Send_freq,"aw",%nobits
 523              		.align	2
 526              	Tim4Send_freq:
 527 0000 00000000 		.space	4
 528              		.text
 529              	.Letext0:
 530              		.file 3 "C:/DevToolBox_Slot/GNU_CompilerCollection/arm-none-eabi/include/machine/_default_types.h"
 531              		.file 4 "C:/DevToolBox_Slot/GNU_CompilerCollection/arm-none-eabi/include/sys/_stdint.h"
 532              		.file 5 "Drivers/CMSIS/Device/ST/STM32F4xx/Include/stm32f407xx.h"
 533              		.file 6 "C:/DevToolBox_Slot/GNU_CompilerCollection/lib/gcc/arm-none-eabi/13.3.0/include/stddef.h"
 534              		.file 7 "Drivers/STM32F4xx_HAL_Driver/Inc/stm32f4xx_hal_def.h"
 535              		.file 8 "Drivers/STM32F4xx_HAL_Driver/Inc/stm32f4xx_hal_rcc_ex.h"
 536              		.file 9 "Drivers/STM32F4xx_HAL_Driver/Inc/stm32f4xx_hal_rcc.h"
 537              		.file 10 "Drivers/STM32F4xx_HAL_Driver/Inc/stm32f4xx_hal_dma.h"
 538              		.file 11 "Drivers/STM32F4xx_HAL_Driver/Inc/stm32f4xx_hal_tim.h"
 539              		.file 12 "Drivers/STM32F4xx_HAL_Driver/Inc/stm32f4xx_hal_uart.h"
 540              		.file 13 "Core/Inc/tim.h"
 541              		.file 14 "Core/Inc/usart.h"
 542              		.file 15 "Core/Inc/XYR_Control.h"
 543              		.file 16 "C:/DevToolBox_Slot/GNU_CompilerCollection/arm-none-eabi/include/string.h"
 544              		.file 17 "Core/Inc/can.h"
 545              		.file 18 "Drivers/STM32F4xx_HAL_Driver/Inc/stm32f4xx_hal.h"
 546              		.file 19 "Core/Inc/gpio.h"
 547              		.file 20 "<built-in>"
ARM GAS  C:\Users\81506\AppData\Local\Temp\ccwpvkma.s 			page 34


DEFINED SYMBOLS
                            *ABS*:00000000 main.c
C:\Users\81506\AppData\Local\Temp\ccwpvkma.s:21     .text.HAL_TIM_PeriodElapsedCallback:00000000 $t
C:\Users\81506\AppData\Local\Temp\ccwpvkma.s:27     .text.HAL_TIM_PeriodElapsedCallback:00000000 HAL_TIM_PeriodElapsedCallback
C:\Users\81506\AppData\Local\Temp\ccwpvkma.s:88     .text.HAL_TIM_PeriodElapsedCallback:00000038 $d
C:\Users\81506\AppData\Local\Temp\ccwpvkma.s:513    .bss.preTick_Tim4.0:00000000 preTick_Tim4.0
C:\Users\81506\AppData\Local\Temp\ccwpvkma.s:526    .bss.Tim4Send_freq:00000000 Tim4Send_freq
C:\Users\81506\AppData\Local\Temp\ccwpvkma.s:96     .text.HAL_UART_RxCpltCallback:00000000 $t
C:\Users\81506\AppData\Local\Temp\ccwpvkma.s:102    .text.HAL_UART_RxCpltCallback:00000000 HAL_UART_RxCpltCallback
C:\Users\81506\AppData\Local\Temp\ccwpvkma.s:154    .text.HAL_UART_RxCpltCallback:0000002c $d
C:\Users\81506\AppData\Local\Temp\ccwpvkma.s:162    .text.HAL_GPIO_EXTI_Callback:00000000 $t
C:\Users\81506\AppData\Local\Temp\ccwpvkma.s:168    .text.HAL_GPIO_EXTI_Callback:00000000 HAL_GPIO_EXTI_Callback
C:\Users\81506\AppData\Local\Temp\ccwpvkma.s:194    .text.HAL_GPIO_EXTI_Callback:00000010 $d
C:\Users\81506\AppData\Local\Temp\ccwpvkma.s:199    .text.Error_Handler:00000000 $t
C:\Users\81506\AppData\Local\Temp\ccwpvkma.s:205    .text.Error_Handler:00000000 Error_Handler
C:\Users\81506\AppData\Local\Temp\ccwpvkma.s:237    .text.SystemClock_Config:00000000 $t
C:\Users\81506\AppData\Local\Temp\ccwpvkma.s:243    .text.SystemClock_Config:00000000 SystemClock_Config
C:\Users\81506\AppData\Local\Temp\ccwpvkma.s:390    .text.SystemClock_Config:000000a0 $d
C:\Users\81506\AppData\Local\Temp\ccwpvkma.s:396    .text.main:00000000 $t
C:\Users\81506\AppData\Local\Temp\ccwpvkma.s:402    .text.main:00000000 main
C:\Users\81506\AppData\Local\Temp\ccwpvkma.s:504    .text.main:00000074 $d
C:\Users\81506\AppData\Local\Temp\ccwpvkma.s:510    .bss.preTick_Tim4.0:00000000 $d
C:\Users\81506\AppData\Local\Temp\ccwpvkma.s:516    .bss.usartTest:00000000 $d
C:\Users\81506\AppData\Local\Temp\ccwpvkma.s:519    .bss.usartTest:00000000 usartTest
C:\Users\81506\AppData\Local\Temp\ccwpvkma.s:523    .bss.Tim4Send_freq:00000000 $d

UNDEFINED SYMBOLS
Controller_Update_Callback
HAL_GetTick
CAN_TryStartAll
HAL_UART_Receive_IT
rx_buffer
xyr_request
process_buffer
g_auto_scan
memset
HAL_RCC_OscConfig
HAL_RCC_ClockConfig
HAL_Init
TIM1_ClockInit_Cache
MX_GPIO_Init
MX_CAN1_Init
MX_TIM1_Init
MX_CAN2_Init
MX_TIM4_Init
MX_USART1_UART_Init
USER_CAN1_Filter_Init
USER_CAN2_Filter_Init
CAN_InitRetryTimers
XYR_Init
HAL_TIM_Base_Start_IT
HAL_Delay
XYR_Send_USB_Commend
XYR_MotorState_Update
XYR_AutoScan_Update
XYR_Read_USB_Commend
htim4
ARM GAS  C:\Users\81506\AppData\Local\Temp\ccwpvkma.s 			page 35


USB_Send_Flag
